시간,발전량
2025-01-01 00:00,8.521620549155895
2025-01-01 01:00,8.062674521667553
2025-01-01 02:00,9.598114134782646
2025-01-01 03:00,8.956487794318143
2025-01-01 04:00,8.832943072747424
2025-01-01 05:00,9.332671659309502
2025-01-01 06:00,8.935306548510436
2025-01-01 07:00,11.167733704113306
2025-01-01 08:00,12.556002796601707
2025-01-01 09:00,7.261485098307069
2025-01-01 10:00,3.2195531542690734
2025-01-01 11:00,3.9270923823161215
2025-01-01 12:00,3.0885681440606456
2025-01-01 13:00,1.9236751032536972
2025-01-01 14:00,2.3090533850273967
2025-01-01 15:00,2.611107575473809
2025-01-01 16:00,1.6570106559937143
2025-01-01 17:00,4.205938845107651
2025-01-01 18:00,7.532920514648193
2025-01-01 19:00,14.524304754797647
2025-01-01 20:00,14.433912925190842
2025-01-01 21:00,18.495192615871723
2025-01-01 22:00,13.16853748276162
2025-01-01 23:00,9.937852967449144
2025-01-02 00:00,7.540718317325817
2025-01-02 01:00,8.369100829890913
2025-01-02 02:00,9.152591759149734
2025-01-02 03:00,13.237933537952035
2025-01-02 04:00,13.583591422384346
2025-01-02 05:00,21.205516556335258
2025-01-02 06:00,23.612128028995663
2025-01-02 07:00,25.833563520099784
2025-01-02 08:00,16.53136904754661
2025-01-02 09:00,9.046679881663273
2025-01-02 10:00,8.803049793883238
2025-01-02 11:00,7.037071068751186
2025-01-02 12:00,3.439537332779572
2025-01-02 13:00,4.361794199798621
2025-01-02 14:00,6.261718349082442
2025-01-02 15:00,5.786540410553624
2025-01-02 16:00,6.980446038779747
2025-01-02 17:00,8.217077424242962
2025-01-02 18:00,19.223665312841653
2025-01-02 19:00,26.57641244699947
2025-01-02 20:00,27.18157511286411
2025-01-02 21:00,26.584742609949366
2025-01-02 22:00,18.936589837195076
2025-01-02 23:00,16.0141068812254
2025-01-03 00:00,30.478636980611135
2025-01-03 01:00,27.20145283646871
2025-01-03 02:00,38.32771307711957
2025-01-03 03:00,20.55910952595732
2025-01-03 04:00,32.66246985362767
2025-01-03 05:00,39.376217493425216
2025-01-03 06:00,39.98409688581128
2025-01-03 07:00,29.38349691114282
2025-01-03 08:00,32.44025336494099
2025-01-03 09:00,23.98290000643336
2025-01-03 10:00,10.520361348344535
2025-01-03 11:00,11.428443219456422
2025-01-03 12:00,9.495199340735883
2025-01-03 13:00,13.567087749947227
2025-01-03 14:00,2.53361340111027
2025-01-03 15:00,1.930520232647746
2025-01-03 16:00,1.9378982965197342
2025-01-03 17:00,2.90830618027287
2025-01-03 18:00,7.39277075662633
2025-01-03 19:00,8.339400293179605
2025-01-03 20:00,26.728067839848308
2025-01-03 21:00,22.034131432219603
2025-01-03 22:00,29.731810877297583
2025-01-03 23:00,27.498406615028724
2025-01-04 00:00,15.198885723138295
2025-01-04 01:00,20.063998979563273
2025-01-04 02:00,22.403092595472362
2025-01-04 03:00,12.654760052421924
2025-01-04 04:00,15.56210918833882
2025-01-04 05:00,5.343357356678667
2025-01-04 06:00,4.503720795586649
2025-01-04 07:00,3.5082402586195705
2025-01-04 08:00,3.0612256741431327
2025-01-04 09:00,2.230568473512629
2025-01-04 10:00,2.0093482839634125
2025-01-04 11:00,0.6927376094398638
2025-01-04 12:00,1.674787061024016
2025-01-04 13:00,1.3434689417346533
2025-01-04 14:00,0.4687642446058564
2025-01-04 15:00,2.664109591592834
2025-01-04 16:00,2.5604841557712676
2025-01-04 17:00,3.1053754298544125
2025-01-04 18:00,3.084404301418697
2025-01-04 19:00,3.651451737242973
2025-01-04 20:00,3.7173169803672645
2025-01-04 21:00,5.579642078672841
2025-01-04 22:00,8.260066730767473
2025-01-04 23:00,12.307402488909906
2025-01-05 00:00,11.173169455172058
2025-01-05 01:00,3.5663663050915417
2025-01-05 02:00,11.187296442017802
2025-01-05 03:00,16.20433891950635
2025-01-05 04:00,10.267914661603397
2025-01-05 05:00,14.13101945123387
2025-01-05 06:00,12.576204172734606
2025-01-05 07:00,18.511079933170375
2025-01-05 08:00,21.299020087543173
2025-01-05 09:00,13.43361056805167
2025-01-05 10:00,13.542763438786677
2025-01-05 11:00,27.747547277163104
2025-01-05 12:00,35.75343414302155
2025-01-05 13:00,33.40727363125638
2025-01-05 14:00,36.52435331369852
2025-01-05 15:00,29.399654898208606
2025-01-05 16:00,14.31061680501452
2025-01-05 17:00,27.38365439429165
2025-01-05 18:00,24.53556437458791
2025-01-05 19:00,22.606875503396864
2025-01-05 20:00,17.969376310211562
2025-01-05 21:00,15.912947681972017
2025-01-05 22:00,14.03985875852408
2025-01-05 23:00,16.25101789674832
2025-01-06 00:00,23.70399102382911
2025-01-06 01:00,29.298819823818917
2025-01-06 02:00,31.15471572385517
2025-01-06 03:00,27.586594430819837
2025-01-06 04:00,17.677787407007802
2025-01-06 05:00,22.285057658463316
2025-01-06 06:00,20.115378227714523
2025-01-06 07:00,17.222694048127185
2025-01-06 08:00,12.309521286044983
2025-01-06 09:00,6.245529220660164
2025-01-06 10:00,16.710937878833853
2025-01-06 11:00,30.909141901985844
2025-01-06 12:00,22.659414897609437
2025-01-06 13:00,13.905746486653886
2025-01-06 14:00,25.96843312721444
2025-01-06 15:00,39.06601072817267
2025-01-06 16:00,41.538753862710394
2025-01-06 17:00,29.491611927670192
2025-01-06 18:00,33.97312971951283
2025-01-06 19:00,48.11679255975146
2025-01-06 20:00,46.550957151391934
2025-01-06 21:00,46.535193616995635
2025-01-06 22:00,52.05464325739581
2025-01-06 23:00,46.99224192835941
2025-01-07 00:00,50.82423601180228
2025-01-07 01:00,49.32087882465587
2025-01-07 02:00,48.62735560126278
2025-01-07 03:00,50.52512233902005
2025-01-07 04:00,44.28627018770182
2025-01-07 05:00,36.027478864161374
2025-01-07 06:00,26.55984726058894
2025-01-07 07:00,30.217704514225666
2025-01-07 08:00,18.88979736848414
2025-01-07 09:00,11.164654853129665
2025-01-07 10:00,5.775696391533094
2025-01-07 11:00,10.707776541706648
2025-01-07 12:00,30.437551888242144
2025-01-07 13:00,42.186454540831015
2025-01-07 14:00,35.9308902976565
2025-01-07 15:00,44.14886123339772
2025-01-07 16:00,41.57248488262254
2025-01-07 17:00,37.41356423676813
2025-01-07 18:00,31.13018069953858
2025-01-07 19:00,43.10734272000236
2025-01-07 20:00,28.024953582590715
2025-01-07 21:00,30.36221085065878
2025-01-07 22:00,40.8596559165437
2025-01-07 23:00,37.12973237694619
2025-01-08 00:00,51.0812904221578
2025-01-08 01:00,46.46198771653982
2025-01-08 02:00,34.42120476261873
2025-01-08 03:00,31.808458456037123
2025-01-08 04:00,31.093978055607337
2025-01-08 05:00,17.568794333424545
2025-01-08 06:00,5.679646517321514
2025-01-08 07:00,6.375325536854627
2025-01-08 08:00,20.28386526343463
2025-01-08 09:00,13.108014815554359
2025-01-08 10:00,14.52203002009459
2025-01-08 11:00,27.13480795337259
2025-01-08 12:00,22.441660298836364
2025-01-08 13:00,24.869956246699314
2025-01-08 14:00,31.406720871197766
2025-01-08 15:00,25.25123277133843
2025-01-08 16:00,36.25008476365794
2025-01-08 17:00,36.52620814015459
2025-01-08 18:00,38.914846622712766
2025-01-08 19:00,43.510250498800936
2025-01-08 20:00,50.276981487018624
2025-01-08 21:00,52.74765350732911
2025-01-08 22:00,50.778636486283006
2025-01-08 23:00,52.55501856610075
2025-01-09 00:00,50.273658268018444
2025-01-09 01:00,49.17695747269872
2025-01-09 02:00,54.116506799182744
2025-01-09 03:00,51.50312766458199
2025-01-09 04:00,52.596510786443574
2025-01-09 05:00,54.233923849842256
2025-01-09 06:00,52.343851112119815
2025-01-09 07:00,50.37727082374498
2025-01-09 08:00,51.15338218582638
2025-01-09 09:00,53.54304341810716
2025-01-09 10:00,55.90395841506467
2025-01-09 11:00,52.036764117882555
2025-01-09 12:00,51.917698597265705
2025-01-09 13:00,46.143741110594696
2025-01-09 14:00,46.1939200982042
2025-01-09 15:00,47.58747426694383
2025-01-09 16:00,49.431106725738445
2025-01-09 17:00,44.077490331261444
2025-01-09 18:00,44.83161843651322
2025-01-09 19:00,47.28546235932006
2025-01-09 20:00,48.5511492422405
2025-01-09 21:00,48.15326758658784
2025-01-09 22:00,39.80277987712258
2025-01-09 23:00,27.69960963201818
2025-01-10 00:00,30.046271994598758
2025-01-10 01:00,26.86464448549052
2025-01-10 02:00,22.315016851957097
2025-01-10 03:00,18.26569789655842
2025-01-10 04:00,15.612184273867376
2025-01-10 05:00,19.010853406922497
2025-01-10 06:00,18.38095129263668
2025-01-10 07:00,18.25112365547668
2025-01-10 08:00,18.75445959022577
2025-01-10 09:00,19.20833366607011
2025-01-10 10:00,15.78993874379708
2025-01-10 11:00,13.913247099455504
2025-01-10 12:00,14.193938484845846
2025-01-10 13:00,13.89806086203601
2025-01-10 14:00,15.669785412562232
2025-01-10 15:00,13.639094587265923
2025-01-10 16:00,19.73933959649711
2025-01-10 17:00,15.740960390109558
2025-01-10 18:00,11.854753191904248
2025-01-10 19:00,11.283987532971741
2025-01-10 20:00,12.677918717099969
2025-01-10 21:00,18.53370255588645
2025-01-10 22:00,9.646347491444795
2025-01-10 23:00,10.794002842960033
2025-01-11 00:00,7.0762742463213275
2025-01-11 01:00,6.985167171392785
2025-01-11 02:00,7.1755804974711825
2025-01-11 03:00,8.482613716951892
2025-01-11 04:00,7.453767308378019
2025-01-11 05:00,7.198105574651319
2025-01-11 06:00,9.098108829159125
2025-01-11 07:00,13.6570072309643
2025-01-11 08:00,13.523826420755649
2025-01-11 09:00,6.679420120464115
2025-01-11 10:00,6.129522833170817
2025-01-11 11:00,5.9645448656898274
2025-01-11 12:00,4.07414075849567
2025-01-11 13:00,9.046352344466056
2025-01-11 14:00,5.234604411824554
2025-01-11 15:00,6.493995806838332
2025-01-11 16:00,2.9526083305249387
2025-01-11 17:00,3.373243141405773
2025-01-11 18:00,8.968291876487447
2025-01-11 19:00,5.042498094676116
2025-01-11 20:00,4.340763095775915
2025-01-11 21:00,6.466713680321532
2025-01-11 22:00,5.901306878745998
2025-01-11 23:00,2.625156065948523
2025-01-12 00:00,6.370029129754379
2025-01-12 01:00,7.368396428764743
2025-01-12 02:00,13.970833617928696
2025-01-12 03:00,7.864310896012914
2025-01-12 04:00,9.12246625901269
2025-01-12 05:00,14.52866260752275
2025-01-12 06:00,13.259053807589627
2025-01-12 07:00,13.730944981984857
2025-01-12 08:00,9.588192165686488
2025-01-12 09:00,4.541464742734497
2025-01-12 10:00,3.947164551737604
2025-01-12 11:00,3.884290291335139
2025-01-12 12:00,8.15492278909687
2025-01-12 13:00,5.439047710033835
2025-01-12 14:00,4.475385440028138
2025-01-12 15:00,12.518053357604396
2025-01-12 16:00,12.044011293481882
2025-01-12 17:00,14.151103065566597
2025-01-12 18:00,11.869957591036663
2025-01-12 19:00,5.960535929853648
2025-01-12 20:00,4.066259419749983
2025-01-12 21:00,5.341260009621506
2025-01-12 22:00,8.019168436012224
2025-01-12 23:00,6.317347550738069
2025-01-13 00:00,3.6621971562333133
2025-01-13 01:00,4.225164267625632
2025-01-13 02:00,4.946526890745454
2025-01-13 03:00,5.417420918001584
2025-01-13 04:00,5.716764022440777
2025-01-13 05:00,7.451336986201791
2025-01-13 06:00,1.8088814862286329
2025-01-13 07:00,1.1933699490594105
2025-01-13 08:00,1.9576317257802685
2025-01-13 09:00,2.092188586922556
2025-01-13 10:00,1.6011917901260637
2025-01-13 11:00,1.4806681787474576
2025-01-13 12:00,3.3282996366123343
2025-01-13 13:00,2.155605299677954
2025-01-13 14:00,0.0
2025-01-13 15:00,1.877645583662001
2025-01-13 16:00,5.477217660716801
2025-01-13 17:00,11.245694740760435
2025-01-13 18:00,16.12709191697076
2025-01-13 19:00,17.957569496699552
2025-01-13 20:00,18.442452299272755
2025-01-13 21:00,20.71687540233507
2025-01-13 22:00,20.8989551079149
2025-01-13 23:00,28.474173574363334
2025-01-14 00:00,13.70080331815875
2025-01-14 01:00,9.075719597238965
2025-01-14 02:00,21.656047503017582
2025-01-14 03:00,25.715530154072894
2025-01-14 04:00,26.806562023181748
2025-01-14 05:00,28.693674529963015
2025-01-14 06:00,28.712425863086878
2025-01-14 07:00,27.46356891052797
2025-01-14 08:00,20.010014199753037
2025-01-14 09:00,14.398387237937467
2025-01-14 10:00,13.246809072191674
2025-01-14 11:00,9.847023070656423
2025-01-14 12:00,9.049620262872025
2025-01-14 13:00,7.862531861888667
2025-01-14 14:00,5.431115556694714
2025-01-14 15:00,13.27380349078684
2025-01-14 16:00,9.532910243210452
2025-01-14 17:00,14.408421003921259
2025-01-14 18:00,19.95633787472084
2025-01-14 19:00,22.984830335566322
2025-01-14 20:00,24.381509134316225
2025-01-14 21:00,30.414285079266023
2025-01-14 22:00,38.32800006109523
2025-01-14 23:00,37.993937969562175
2025-01-15 00:00,44.970719583338045
2025-01-15 01:00,39.0236313917104
2025-01-15 02:00,37.9523035568347
2025-01-15 03:00,37.40139869572801
2025-01-15 04:00,43.452560318929066
2025-01-15 05:00,47.07377392891021
2025-01-15 06:00,41.967583991048954
2025-01-15 07:00,40.23264942964369
2025-01-15 08:00,39.581949030729405
2025-01-15 09:00,39.73448300250136
2025-01-15 10:00,44.150075705015276
2025-01-15 11:00,34.184865749268845
2025-01-15 12:00,39.10385273611837
2025-01-15 13:00,34.34179518929625
2025-01-15 14:00,33.728784750750194
2025-01-15 15:00,34.30538223139068
2025-01-15 16:00,22.7574553626264
2025-01-15 17:00,29.34586095572116
2025-01-15 18:00,20.46288592031193
2025-01-15 19:00,28.07284391830188
2025-01-15 20:00,28.36543903409496
2025-01-15 21:00,29.95683709010322
2025-01-15 22:00,23.999020217291218
2025-01-15 23:00,13.493313121499384
2025-01-16 00:00,17.212903653960094
2025-01-16 01:00,15.370145439894108
2025-01-16 02:00,9.089043901160233
2025-01-16 03:00,6.800802317065012
2025-01-16 04:00,6.700072332711315
2025-01-16 05:00,14.050809228473241
2025-01-16 06:00,10.670943235457596
2025-01-16 07:00,4.7240081622805
2025-01-16 08:00,11.405013138137553
2025-01-16 09:00,7.024089339113517
2025-01-16 10:00,6.136798529857753
2025-01-16 11:00,3.581867886576613
2025-01-16 12:00,5.532748030601079
2025-01-16 13:00,9.91605767778841
2025-01-16 14:00,11.411097904675492
2025-01-16 15:00,13.10883485903288
2025-01-16 16:00,7.930114304184179
2025-01-16 17:00,2.456578012120379
2025-01-16 18:00,15.343303048601587
2025-01-16 19:00,18.82930769948236
2025-01-16 20:00,20.619821867778665
2025-01-16 21:00,21.205593366622356
2025-01-16 22:00,22.333900016656514
2025-01-16 23:00,16.154384988055256
2025-01-17 00:00,5.0811760343088626
2025-01-17 01:00,15.674613565844266
2025-01-17 02:00,24.7378784649043
2025-01-17 03:00,35.40672905332666
2025-01-17 04:00,32.2044966259017
2025-01-17 05:00,23.30512566745606
2025-01-17 06:00,13.398340298765543
2025-01-17 07:00,7.509789996931228
2025-01-17 08:00,5.306264041777379
2025-01-17 09:00,5.069425958201686
2025-01-17 10:00,4.163588851676244
2025-01-17 11:00,4.4441366901532815
2025-01-17 12:00,5.185365495592434
2025-01-17 13:00,6.940419320473163
2025-01-17 14:00,9.35425730294331
2025-01-17 15:00,7.027077936605691
2025-01-17 16:00,5.989905658685917
2025-01-17 17:00,4.691415139378505
2025-01-17 18:00,13.47652414400218
2025-01-17 19:00,19.185770489893304
2025-01-17 20:00,20.824206442109293
2025-01-17 21:00,24.16377121301023
2025-01-17 22:00,24.166877133050438
2025-01-17 23:00,22.732456360969465
2025-01-18 00:00,11.338767379724148
2025-01-18 01:00,14.392209861117635
2025-01-18 02:00,18.261944975445058
2025-01-18 03:00,25.98922401417392
2025-01-18 04:00,24.02737776367517
2025-01-18 05:00,16.26255829950155
2025-01-18 06:00,18.577054637024855
2025-01-18 07:00,18.792264335010437
2025-01-18 08:00,14.703070945505086
2025-01-18 09:00,11.372864161559987
2025-01-18 10:00,5.8435005891672445
2025-01-18 11:00,3.5108145426902833
2025-01-18 12:00,2.971102065385539
2025-01-18 13:00,1.590965961774444
2025-01-18 14:00,1.3869472525901432
2025-01-18 15:00,1.2354382764008847
2025-01-18 16:00,1.1686262777165883
2025-01-18 17:00,1.6954175190978502
2025-01-18 18:00,12.335278791351898
2025-01-18 19:00,7.303992027341546
2025-01-18 20:00,11.923967544477144
2025-01-18 21:00,10.881393652310773
2025-01-18 22:00,11.507669798186079
2025-01-18 23:00,6.629558860113842
2025-01-19 00:00,9.670765465332968
2025-01-19 01:00,4.491552417671838
2025-01-19 02:00,7.309570516742184
2025-01-19 03:00,6.329899962231853
2025-01-19 04:00,8.71541139685205
2025-01-19 05:00,10.002026142624157
2025-01-19 06:00,4.605755565142851
2025-01-19 07:00,5.091149702544163
2025-01-19 08:00,4.699320394643696
2025-01-19 09:00,5.181026567908933
2025-01-19 10:00,4.141626992188713
2025-01-19 11:00,1.7037325370307252
2025-01-19 12:00,1.4433777411378916
2025-01-19 13:00,1.144480849612273
2025-01-19 14:00,1.105709908359037
2025-01-19 15:00,0.7554216551764878
2025-01-19 16:00,2.8835079939835846
2025-01-19 17:00,3.572351733589731
2025-01-19 18:00,4.31912804288086
2025-01-19 19:00,7.216655049622894
2025-01-19 20:00,8.088977549768215
2025-01-19 21:00,16.642707950202258
2025-01-19 22:00,15.760942124131402
2025-01-19 23:00,17.210823839870653
2025-01-20 00:00,7.858194545630812
2025-01-20 01:00,7.250800438017549
2025-01-20 02:00,12.601082847367417
2025-01-20 03:00,8.346869184127183
2025-01-20 04:00,6.344692141541135
2025-01-20 05:00,5.789288972700258
2025-01-20 06:00,5.482884200178269
2025-01-20 07:00,7.192655020342046
2025-01-20 08:00,6.063303963892358
2025-01-20 09:00,5.637663112124811
2025-01-20 10:00,2.480537144850485
2025-01-20 11:00,5.08727917377885
2025-01-20 12:00,6.834196192021527
2025-01-20 13:00,4.333588181172897
2025-01-20 14:00,4.039160285534901
2025-01-20 15:00,4.414159733612797
2025-01-20 16:00,4.43748193672534
2025-01-20 17:00,4.243770343684825
2025-01-20 18:00,11.110102835558747
2025-01-20 19:00,8.309221147304882
2025-01-20 20:00,9.215720378360125
2025-01-20 21:00,13.974309425516884
2025-01-20 22:00,13.777033268702466
2025-01-20 23:00,12.98815943805841
2025-01-21 00:00,13.079122252831679
2025-01-21 01:00,13.756191893533089
2025-01-21 02:00,12.961699731087384
2025-01-21 03:00,14.838547707594829
2025-01-21 04:00,14.777603651624872
2025-01-21 05:00,12.54002749308686
2025-01-21 06:00,9.518662876122018
2025-01-21 07:00,7.137848323655445
2025-01-21 08:00,7.413257381106991
2025-01-21 09:00,6.5005120824856535
2025-01-21 10:00,4.025405224246342
2025-01-21 11:00,2.3450750132541875
2025-01-21 12:00,1.1668203323390947
2025-01-21 13:00,1.4337829778481652
2025-01-21 14:00,0.5916854280187607
2025-01-21 15:00,1.272495398743336
2025-01-21 16:00,3.600415440987227
2025-01-21 17:00,1.1661664782828929
2025-01-21 18:00,6.201555108308854
2025-01-21 19:00,5.157913560503578
2025-01-21 20:00,7.8120813223913315
2025-01-21 21:00,8.506642982169936
2025-01-21 22:00,9.830068089337441
2025-01-21 23:00,11.444971923346523
2025-01-22 00:00,7.4618083501190045
2025-01-22 01:00,7.276313386297993
2025-01-22 02:00,6.945271323721412
2025-01-22 03:00,8.661843872335107
2025-01-22 04:00,12.321513775373596
2025-01-22 05:00,17.81281982197824
2025-01-22 06:00,10.5500321954442
2025-01-22 07:00,7.818977148055003
2025-01-22 08:00,2.659797114874354
2025-01-22 09:00,5.885397412597167
2025-01-22 10:00,2.2030874184524136
2025-01-22 11:00,3.04114690967625
2025-01-22 12:00,1.0155175686386053
2025-01-22 13:00,2.845943829500095
2025-01-22 14:00,3.3924476640335817
2025-01-22 15:00,0.4689915821473027
2025-01-22 16:00,0.28295790353267253
2025-01-22 17:00,2.0089930269317047
2025-01-22 18:00,6.393558773229412
2025-01-22 19:00,5.217999366349099
2025-01-22 20:00,7.019451712949414
2025-01-22 21:00,7.566407793660804
2025-01-22 22:00,5.38002179251779
2025-01-22 23:00,9.924937432577469
2025-01-23 00:00,14.625200801027013
2025-01-23 01:00,21.149150260480976
2025-01-23 02:00,14.484837885398862
2025-01-23 03:00,16.26569879058799
2025-01-23 04:00,12.725598352671991
2025-01-23 05:00,7.734164758914188
2025-01-23 06:00,3.5270964967189484
2025-01-23 07:00,3.7781665497002814
2025-01-23 08:00,3.818635709533986
2025-01-23 09:00,2.3173124324151635
2025-01-23 10:00,7.507003683558372
2025-01-23 11:00,2.6090638464512517
2025-01-23 12:00,1.3571923199821565
2025-01-23 13:00,1.5936998880206132
2025-01-23 14:00,4.030839913466555
2025-01-23 15:00,5.043772477530488
2025-01-23 16:00,6.15490628539928
2025-01-23 17:00,5.499929124849165
2025-01-23 18:00,8.67385651147605
2025-01-23 19:00,11.044065917047945
2025-01-23 20:00,17.131044748094492
2025-01-23 21:00,24.746653770499133
2025-01-23 22:00,22.965307058274444
2025-01-23 23:00,22.532911893087782
2025-01-24 00:00,28.269649417841276
2025-01-24 01:00,21.85037241042833
2025-01-24 02:00,16.595772520045582
2025-01-24 03:00,19.153057236368287
2025-01-24 04:00,23.060849584275818
2025-01-24 05:00,22.462497996357605
2025-01-24 06:00,23.751870104297787
2025-01-24 07:00,22.001983245604226
2025-01-24 08:00,22.693032832969575
2025-01-24 09:00,10.724935806858044
2025-01-24 10:00,10.598788543657454
2025-01-24 11:00,4.028558664834965
2025-01-24 12:00,0.7899440230689597
2025-01-24 13:00,3.927140374172068
2025-01-24 14:00,7.228408379256963
2025-01-24 15:00,3.3676841190004807
2025-01-24 16:00,10.505903315599348
2025-01-24 17:00,5.687845611141464
2025-01-24 18:00,12.689425695103118
2025-01-24 19:00,14.652362645350632
2025-01-24 20:00,18.228981647098355
2025-01-24 21:00,24.788905945652516
2025-01-24 22:00,27.504154994075535
2025-01-24 23:00,21.583948869666507
2025-01-25 00:00,18.065784275084738
2025-01-25 01:00,24.26156892694121
2025-01-25 02:00,24.226472167415068
2025-01-25 03:00,18.910164408946
2025-01-25 04:00,18.290920971000492
2025-01-25 05:00,18.419114468723013
2025-01-25 06:00,19.625133385305197
2025-01-25 07:00,20.324960296916323
2025-01-25 08:00,15.649495272496884
2025-01-25 09:00,7.802875970580544
2025-01-25 10:00,8.446512310693707
2025-01-25 11:00,2.4575319225949244
2025-01-25 12:00,0.0
2025-01-25 13:00,0.04130566642032837
2025-01-25 14:00,0.0
2025-01-25 15:00,0.5936216150452323
2025-01-25 16:00,2.728745058856064
2025-01-25 17:00,4.5681599887063316
2025-01-25 18:00,10.157703363295788
2025-01-25 19:00,10.24876965727031
2025-01-25 20:00,11.48047875137378
2025-01-25 21:00,11.610767037913329
2025-01-25 22:00,9.109536450703647
2025-01-25 23:00,14.003085947284774
2025-01-26 00:00,12.67521181471577
2025-01-26 01:00,7.950875355005406
2025-01-26 02:00,12.460711633786449
2025-01-26 03:00,15.846372142003052
2025-01-26 04:00,22.014502986201936
2025-01-26 05:00,26.459101334550567
2025-01-26 06:00,20.181451832934073
2025-01-26 07:00,11.668798055084888
2025-01-26 08:00,9.174271934511731
2025-01-26 09:00,4.55224411731282
2025-01-26 10:00,3.3299018629378456
2025-01-26 11:00,1.2171172373981856
2025-01-26 12:00,1.591867689452999
2025-01-26 13:00,1.630346485519907
2025-01-26 14:00,1.8074103631220602
2025-01-26 15:00,1.1452739549798086
2025-01-26 16:00,3.0581074005553948
2025-01-26 17:00,3.42610495570783
2025-01-26 18:00,3.831667813019334
2025-01-26 19:00,4.831992811934249
2025-01-26 20:00,3.55898864144445
2025-01-26 21:00,3.467157656821709
2025-01-26 22:00,4.290816180262347
2025-01-26 23:00,6.388851909312856
2025-01-27 00:00,3.582377788255944
2025-01-27 01:00,5.680352513321379
2025-01-27 02:00,6.351961840120345
2025-01-27 03:00,4.687885428701701
2025-01-27 04:00,5.50923675287324
2025-01-27 05:00,18.833596144155628
2025-01-27 06:00,26.656072268864488
2025-01-27 07:00,33.79759768784969
2025-01-27 08:00,34.61552713253369
2025-01-27 09:00,26.260972475880607
2025-01-27 10:00,38.26449424593079
2025-01-27 11:00,38.916885887111256
2025-01-27 12:00,31.808571620136238
2025-01-27 13:00,23.218391270813438
2025-01-27 14:00,28.65984163245726
2025-01-27 15:00,23.42938563756298
2025-01-27 16:00,41.88778642965004
2025-01-27 17:00,34.50466385433658
2025-01-27 18:00,32.92169275560156
2025-01-27 19:00,39.11848974344626
2025-01-27 20:00,47.25444788924841
2025-01-27 21:00,41.487962677775315
2025-01-27 22:00,42.17343249491375
2025-01-27 23:00,45.510186482974824
2025-01-28 00:00,44.63226936617852
2025-01-28 01:00,48.81019273265646
2025-01-28 02:00,48.64531197187879
2025-01-28 03:00,46.436457322939155
2025-01-28 04:00,48.49136364140649
2025-01-28 05:00,46.936725586821446
2025-01-28 06:00,46.92921229668955
2025-01-28 07:00,45.53321536363346
2025-01-28 08:00,46.82064785638267
2025-01-28 09:00,46.896674979242796
2025-01-28 10:00,40.39511733001593
2025-01-28 11:00,47.33771057798271
2025-01-28 12:00,34.49090598263141
2025-01-28 13:00,44.67284173088647
2025-01-28 14:00,40.189559340624776
2025-01-28 15:00,45.50654142851793
2025-01-28 16:00,45.68664082400087
2025-01-28 17:00,49.664782654750276
2025-01-28 18:00,49.46202025319777
2025-01-28 19:00,42.94911287679479
2025-01-28 20:00,44.24782161099551
2025-01-28 21:00,43.30556601742033
2025-01-28 22:00,44.372750653447824
2025-01-28 23:00,44.53014722218094
2025-01-29 00:00,42.89388768867827
2025-01-29 01:00,44.409614730724115
2025-01-29 02:00,48.49089784374123
2025-01-29 03:00,42.68957063063281
2025-01-29 04:00,44.90411422967298
2025-01-29 05:00,48.65739180113411
2025-01-29 06:00,45.42369750555551
2025-01-29 07:00,46.164382925283974
2025-01-29 08:00,48.56343556611004
2025-01-29 09:00,48.79952148804064
2025-01-29 10:00,42.35584285664941
2025-01-29 11:00,47.60861038644166
2025-01-29 12:00,47.54738411466715
2025-01-29 13:00,45.886977772306984
2025-01-29 14:00,54.261917555682984
2025-01-29 15:00,48.17781522910146
2025-01-29 16:00,46.92688827868256
2025-01-29 17:00,46.27837996511163
2025-01-29 18:00,37.76621313135764
2025-01-29 19:00,45.34553493655934
2025-01-29 20:00,29.59059911561085
2025-01-29 21:00,33.986687268755595
2025-01-29 22:00,28.82453575751758
2025-01-29 23:00,36.022938100920115
2025-01-30 00:00,16.836416363542785
2025-01-30 01:00,13.91835057707577
2025-01-30 02:00,9.98108010798039
2025-01-30 03:00,9.453581863254069
2025-01-30 04:00,1.5049465369434294
2025-01-30 05:00,3.7579198970012886
2025-01-30 06:00,4.56517434134622
2025-01-30 07:00,7.039641000017558
2025-01-30 08:00,6.345113190004168
2025-01-30 09:00,5.118830559164591
2025-01-30 10:00,6.3357449320405
2025-01-30 11:00,4.023632810244633
2025-01-30 12:00,3.3139140228975594
2025-01-30 13:00,3.5406382464386454
2025-01-30 14:00,3.069886249787248
2025-01-30 15:00,2.6303396995797086
2025-01-30 16:00,5.872422619616129
2025-01-30 17:00,8.877851221837876
2025-01-30 18:00,6.485470733413815
2025-01-30 19:00,10.918694945380082
2025-01-30 20:00,6.1097122026328
2025-01-30 21:00,5.899924091482258
2025-01-30 22:00,7.617691350977373
2025-01-30 23:00,14.086311670422084
2025-01-31 00:00,3.407849451961988
2025-01-31 01:00,5.333425701602588
2025-01-31 02:00,5.1857978232573965
2025-01-31 03:00,4.232262236970418
2025-01-31 04:00,5.361991145910248
2025-01-31 05:00,2.9434130915202235
2025-01-31 06:00,2.6184039410312607
2025-01-31 07:00,3.534287992354573
2025-01-31 08:00,2.98925345982192
2025-01-31 09:00,4.302968214225817
2025-01-31 10:00,5.0631611706094395
2025-01-31 11:00,5.206085670331667
2025-01-31 12:00,4.341579056577498
2025-01-31 13:00,3.5417967422330854
2025-01-31 14:00,3.9334509361735575
2025-01-31 15:00,1.402137900765575
2025-01-31 16:00,1.366710194975602
2025-01-31 17:00,2.4683728671183016
2025-01-31 18:00,6.189135570265111
2025-01-31 19:00,12.211347578631353
2025-01-31 20:00,12.918162589911445
2025-01-31 21:00,4.274112078524978
2025-01-31 22:00,4.723185268618112
2025-01-31 23:00,4.1773454347826835
2025-02-01 00:00,10.900732012454997
2025-02-01 01:00,7.104426917440173
2025-02-01 02:00,7.748554086426892
2025-02-01 03:00,3.889364013126209
2025-02-01 04:00,3.727980392272625
2025-02-01 05:00,11.782221976691066
2025-02-01 06:00,14.484399622344226
2025-02-01 07:00,8.777859958669554
2025-02-01 08:00,7.950455971555987
2025-02-01 09:00,4.088693542686766
2025-02-01 10:00,3.5778490212179226
2025-02-01 11:00,4.755013070208122
2025-02-01 12:00,5.4509576977644905
2025-02-01 13:00,9.834086620991016
2025-02-01 14:00,9.509623418673371
2025-02-01 15:00,6.756069292636828
2025-02-01 16:00,6.852609260552209
2025-02-01 17:00,6.8868588160778375
2025-02-01 18:00,7.5777910994891
2025-02-01 19:00,8.725277413086737
2025-02-01 20:00,11.9297875005142
2025-02-01 21:00,20.864485849886446
2025-02-01 22:00,24.159648400921473
2025-02-01 23:00,21.943056548244055
2025-02-02 00:00,29.43033248457315
2025-02-02 01:00,32.50451944820872
2025-02-02 02:00,19.30794089116702
2025-02-02 03:00,14.620619013603976
2025-02-02 04:00,11.488793547026424
2025-02-02 05:00,9.813647177501386
2025-02-02 06:00,11.24353043697966
2025-02-02 07:00,15.832052204220807
2025-02-02 08:00,15.685160461239242
2025-02-02 09:00,13.891438093571205
2025-02-02 10:00,10.576125786679913
2025-02-02 11:00,15.83111274667969
2025-02-02 12:00,5.118468332581289
2025-02-02 13:00,3.4712865080477595
2025-02-02 14:00,1.9904605831148556
2025-02-02 15:00,2.5266053185574346
2025-02-02 16:00,4.578301115117965
2025-02-02 17:00,4.786999103956858
2025-02-02 18:00,16.346872835012455
2025-02-02 19:00,21.35176254677288
2025-02-02 20:00,21.11047802367579
2025-02-02 21:00,24.361993721033652
2025-02-02 22:00,22.22009082023952
2025-02-02 23:00,22.79207480859648
2025-02-03 00:00,28.794727961085176
2025-02-03 01:00,34.5161871740907
2025-02-03 02:00,33.45941452057925
2025-02-03 03:00,36.381672529900314
2025-02-03 04:00,43.132222144927326
2025-02-03 05:00,48.568509830451745
2025-02-03 06:00,50.858469214422286
2025-02-03 07:00,52.47977824320814
2025-02-03 08:00,49.10530840392128
2025-02-03 09:00,50.908975299360286
2025-02-03 10:00,49.62465094697081
2025-02-03 11:00,53.696266597601785
2025-02-03 12:00,53.53171237586578
2025-02-03 13:00,50.823960171591885
2025-02-03 14:00,48.86700002443248
2025-02-03 15:00,54.14116714238901
2025-02-03 16:00,53.4934483087508
2025-02-03 17:00,52.79830451693019
2025-02-03 18:00,49.76310661571587
2025-02-03 19:00,54.36794841284838
2025-02-03 20:00,54.919831529293624
2025-02-03 21:00,56.63925978323637
2025-02-03 22:00,54.49470781959601
2025-02-03 23:00,53.8814151438333
2025-02-04 00:00,50.90934396778412
2025-02-04 01:00,50.10896500366659
2025-02-04 02:00,49.91405837975497
2025-02-04 03:00,50.74880912679434
2025-02-04 04:00,50.11656262597263
2025-02-04 05:00,48.39578446120283
2025-02-04 06:00,49.33670663516862
2025-02-04 07:00,49.63510621462329
2025-02-04 08:00,46.60415738814113
2025-02-04 09:00,48.608868602238225
2025-02-04 10:00,44.98304113616023
2025-02-04 11:00,49.42694636782601
2025-02-04 12:00,51.35288286018406
2025-02-04 13:00,51.024766196818604
2025-02-04 14:00,51.18656023039711
2025-02-04 15:00,53.891144293531354
2025-02-04 16:00,52.47787196445865
2025-02-04 17:00,43.51124657882166
2025-02-04 18:00,37.05161219548253
2025-02-04 19:00,44.95328316222762
2025-02-04 20:00,46.52880933739128
2025-02-04 21:00,47.70046348586924
2025-02-04 22:00,47.04384379383748
2025-02-04 23:00,45.2045542944139
2025-02-05 00:00,45.03961304489334
2025-02-05 01:00,45.34822421240652
2025-02-05 02:00,48.8132890551399
2025-02-05 03:00,41.56101375913311
2025-02-05 04:00,44.50494641764471
2025-02-05 05:00,51.35348951039205
2025-02-05 06:00,25.227705036535777
2025-02-05 07:00,33.410370054854305
2025-02-05 08:00,34.075415051330026
2025-02-05 09:00,29.404342119960948
2025-02-05 10:00,24.730775972203258
2025-02-05 11:00,22.515734071850567
2025-02-05 12:00,20.268184079728226
2025-02-05 13:00,26.907368372167358
2025-02-05 14:00,33.68055183435206
2025-02-05 15:00,35.75193303812438
2025-02-05 16:00,31.9857226994142
2025-02-05 17:00,35.71605694916759
2025-02-05 18:00,45.54286216579689
2025-02-05 19:00,46.32629640422737
2025-02-05 20:00,45.50987712958812
2025-02-05 21:00,51.637650017209815
2025-02-05 22:00,47.61740027245781
2025-02-05 23:00,47.39830389922227
2025-02-06 00:00,49.24374136631415
2025-02-06 01:00,42.97439051463081
2025-02-06 02:00,36.22951783456611
2025-02-06 03:00,30.012909556181373
2025-02-06 04:00,28.592127336486065
2025-02-06 05:00,18.62812862390238
2025-02-06 06:00,15.050735332973833
2025-02-06 07:00,15.942183841226022
2025-02-06 08:00,6.370360525277429
2025-02-06 09:00,7.630128374670588
2025-02-06 10:00,8.06803278117906
2025-02-06 11:00,8.687259999947004
2025-02-06 12:00,12.456934963571461
2025-02-06 13:00,18.728387567091517
2025-02-06 14:00,21.696227973207762
2025-02-06 15:00,23.045603568731455
2025-02-06 16:00,17.20863791028058
2025-02-06 17:00,11.287285083427825
2025-02-06 18:00,28.585144081819454
2025-02-06 19:00,40.63663632366064
2025-02-06 20:00,39.01520895401629
2025-02-06 21:00,44.04437327078657
2025-02-06 22:00,50.72055072834006
2025-02-06 23:00,47.479522438861856
2025-02-07 00:00,17.256048134572804
2025-02-07 01:00,5.91957157378866
2025-02-07 02:00,11.210263525042818
2025-02-07 03:00,8.657151257931593
2025-02-07 04:00,12.464882982621614
2025-02-07 05:00,15.45154093036373
2025-02-07 06:00,24.014251062103295
2025-02-07 07:00,18.3839268993977
2025-02-07 08:00,35.137523759041535
2025-02-07 09:00,48.86916961413944
2025-02-07 10:00,42.59561069722691
2025-02-07 11:00,44.82472472240181
2025-02-07 12:00,49.750535214170974
2025-02-07 13:00,47.4122473063123
2025-02-07 14:00,49.36857338175062
2025-02-07 15:00,51.420981552427385
2025-02-07 16:00,48.49086282893919
2025-02-07 17:00,48.892191963300284
2025-02-07 18:00,48.70495494816618
2025-02-07 19:00,51.64390168131376
2025-02-07 20:00,53.8457315833342
2025-02-07 21:00,51.821516123272026
2025-02-07 22:00,50.67733239040641
2025-02-07 23:00,45.34063666285621
2025-02-08 00:00,45.97299271635331
2025-02-08 01:00,41.24870590531916
2025-02-08 02:00,37.942615858535525
2025-02-08 03:00,29.314908043739237
2025-02-08 04:00,32.84857935877971
2025-02-08 05:00,33.254924659521656
2025-02-08 06:00,31.93146281084697
2025-02-08 07:00,26.839003944048013
2025-02-08 08:00,28.238008950947762
2025-02-08 09:00,20.65808560543564
2025-02-08 10:00,22.494808658435762
2025-02-08 11:00,32.04413296872635
2025-02-08 12:00,38.134981216428876
2025-02-08 13:00,40.48627216089421
2025-02-08 14:00,49.530134635831175
2025-02-08 15:00,47.725775382725665
2025-02-08 16:00,33.75943882728661
2025-02-08 17:00,25.748455897806217
2025-02-08 18:00,26.22600064036437
2025-02-08 19:00,22.712544532558063
2025-02-08 20:00,20.403001837958502
2025-02-08 21:00,17.528659874641647
2025-02-08 22:00,15.960509099573056
2025-02-08 23:00,10.769831893750313
2025-02-09 00:00,14.890782368120595
2025-02-09 01:00,12.966086389668709
2025-02-09 02:00,10.220533671841336
2025-02-09 03:00,10.850215052006693
2025-02-09 04:00,10.283111768962927
2025-02-09 05:00,11.266859442501763
2025-02-09 06:00,10.8767576298383
2025-02-09 07:00,9.648892472543224
2025-02-09 08:00,10.567906735139664
2025-02-09 09:00,10.045072389133558
2025-02-09 10:00,10.844736392793672
2025-02-09 11:00,7.365644166324666
2025-02-09 12:00,11.962673112743486
2025-02-09 13:00,11.178038986876679
2025-02-09 14:00,12.294803076386192
2025-02-09 15:00,17.586995272390947
2025-02-09 16:00,22.260744388544843
2025-02-09 17:00,17.511511217375745
2025-02-09 18:00,26.701321270656944
2025-02-09 19:00,25.620201336652144
2025-02-09 20:00,23.741960198874672
2025-02-09 21:00,24.70206304994261
2025-02-09 22:00,18.6849476953347
2025-02-09 23:00,19.68284923611272
2025-02-10 00:00,13.133389214352594
2025-02-10 01:00,13.049792389756133
2025-02-10 02:00,13.561568966796294
2025-02-10 03:00,21.532847925306935
2025-02-10 04:00,14.81210858586506
2025-02-10 05:00,8.996428376987105
2025-02-10 06:00,5.11644061037951
2025-02-10 07:00,4.500632350673185
2025-02-10 08:00,4.2638418392379185
2025-02-10 09:00,3.0109913146430523
2025-02-10 10:00,2.241013864252495
2025-02-10 11:00,1.8672757822606392
2025-02-10 12:00,2.326925511262111
2025-02-10 13:00,9.516713098119386
2025-02-10 14:00,4.310431725253775
2025-02-10 15:00,5.504732501992201
2025-02-10 16:00,8.299689192411854
2025-02-10 17:00,15.25733402693622
2025-02-10 18:00,20.37902929078565
2025-02-10 19:00,18.340367174767966
2025-02-10 20:00,13.985781262683394
2025-02-10 21:00,9.798281819816012
2025-02-10 22:00,7.431228834306093
2025-02-10 23:00,3.5041404922825627
2025-02-11 00:00,3.7780236641005973
2025-02-11 01:00,4.072576372028268
2025-02-11 02:00,3.8382398028090567
2025-02-11 03:00,5.101116982025254
2025-02-11 04:00,4.256234958442179
2025-02-11 05:00,3.898078985953722
2025-02-11 06:00,7.82524023733385
2025-02-11 07:00,10.943491160120406
2025-02-11 08:00,7.641093938266039
2025-02-11 09:00,3.769749714581254
2025-02-11 10:00,2.7186030916562447
2025-02-11 11:00,2.135232176382794
2025-02-11 12:00,0.0
2025-02-11 13:00,0.6722856150812833
2025-02-11 14:00,0.2778864513179385
2025-02-11 15:00,0.037291234297052986
2025-02-11 16:00,0.0
2025-02-11 17:00,2.2020224032522124
2025-02-11 18:00,4.385287377818597
2025-02-11 19:00,2.872749537564097
2025-02-11 20:00,2.329304213526673
2025-02-11 21:00,1.9978609589701675
2025-02-11 22:00,6.45628473405646
2025-02-11 23:00,3.6854457018061106
2025-02-12 00:00,3.912166665175388
2025-02-12 01:00,5.517873765269154
2025-02-12 02:00,3.391321001949002
2025-02-12 03:00,8.304369194213006
2025-02-12 04:00,6.715258545413086
2025-02-12 05:00,5.715697237630438
2025-02-12 06:00,5.098622348227446
2025-02-12 07:00,10.316883994098312
2025-02-12 08:00,10.581284105743945
2025-02-12 09:00,3.664506233060109
2025-02-12 10:00,3.5822251832521164
2025-02-12 11:00,1.9688331950623805
2025-02-12 12:00,3.7101852688624053
2025-02-12 13:00,9.379718739542994
2025-02-12 14:00,26.830591430237458
2025-02-12 15:00,29.10502410672557
2025-02-12 16:00,19.606655336872347
2025-02-12 17:00,41.63021237921075
2025-02-12 18:00,46.989509803029335
2025-02-12 19:00,45.8348708788151
2025-02-12 20:00,48.883913297786066
2025-02-12 21:00,52.29010246379208
2025-02-12 22:00,53.94366275885341
2025-02-12 23:00,55.263506489746334
2025-02-13 00:00,53.41398282298883
2025-02-13 01:00,51.98556771892644
2025-02-13 02:00,49.2598984110693
2025-02-13 03:00,46.054575846782576
2025-02-13 04:00,36.77172015838958
2025-02-13 05:00,20.736612483702004
2025-02-13 06:00,16.685062231820552
2025-02-13 07:00,12.67356605359206
2025-02-13 08:00,11.454074491482238
2025-02-13 09:00,4.165271044923698
2025-02-13 10:00,3.9703945252750623
2025-02-13 11:00,6.304994517903617
2025-02-13 12:00,8.106353856989264
2025-02-13 13:00,7.298155794856345
2025-02-13 14:00,7.2932887923484975
2025-02-13 15:00,8.199442396109442
2025-02-13 16:00,11.866119527634686
2025-02-13 17:00,6.669693892654977
2025-02-13 18:00,15.715196483189004
2025-02-13 19:00,21.133579073001606
2025-02-13 20:00,18.993579512501046
2025-02-13 21:00,12.942571315429094
2025-02-13 22:00,15.666864168373094
2025-02-13 23:00,11.824666952939248
2025-02-14 00:00,10.618716372900623
2025-02-14 01:00,14.666436697714634
2025-02-14 02:00,16.01659203229638
2025-02-14 03:00,17.711067906185004
2025-02-14 04:00,15.78516605004146
2025-02-14 05:00,9.769945127086904
2025-02-14 06:00,8.006383323465597
2025-02-14 07:00,10.409199726648536
2025-02-14 08:00,4.740590369857283
2025-02-14 09:00,4.012198357223615
2025-02-14 10:00,3.2045019429475436
2025-02-14 11:00,3.6454780164992737
2025-02-14 12:00,1.6531033359853073
2025-02-14 13:00,1.9451478994008586
2025-02-14 14:00,1.8300678006834052
2025-02-14 15:00,0.19492950057246308
2025-02-14 16:00,1.7960944739651679
2025-02-14 17:00,2.3064624505504034
2025-02-14 18:00,4.098893111738576
2025-02-14 19:00,3.6277019540024407
2025-02-14 20:00,2.5735315401206726
2025-02-14 21:00,8.61061749652902
2025-02-14 22:00,7.695068370263909
2025-02-14 23:00,13.36039795027712
2025-02-15 00:00,14.303229981044637
2025-02-15 01:00,8.350692798007477
2025-02-15 02:00,5.4155822710956105
2025-02-15 03:00,6.629706971020545
2025-02-15 04:00,7.576522544832388
2025-02-15 05:00,5.3997316913358295
2025-02-15 06:00,4.48790970088426
2025-02-15 07:00,4.352828885964289
2025-02-15 08:00,5.297088688183736
2025-02-15 09:00,3.258826939044741
2025-02-15 10:00,0.6122522360727629
2025-02-15 11:00,1.641812180715124
2025-02-15 12:00,1.491958656074149
2025-02-15 13:00,1.3423216543904926
2025-02-15 14:00,1.2129291325242562
2025-02-15 15:00,2.0440202797630675
2025-02-15 16:00,2.2234163328769068
2025-02-15 17:00,2.202586246037841
2025-02-15 18:00,8.041933978519605
2025-02-15 19:00,3.814717696548776
2025-02-15 20:00,3.982391873393933
2025-02-15 21:00,2.1729585421581326
2025-02-15 22:00,3.3072931506625802
2025-02-15 23:00,5.322934602670375
2025-02-16 00:00,8.341980378880015
2025-02-16 01:00,10.215235665683352
2025-02-16 02:00,9.490849545009826
2025-02-16 03:00,5.122808787150448
2025-02-16 04:00,9.72111206654187
2025-02-16 05:00,11.75200770625857
2025-02-16 06:00,9.348380527564151
2025-02-16 07:00,13.864926552708758
2025-02-16 08:00,15.240479818050654
2025-02-16 09:00,4.544752508594415
2025-02-16 10:00,3.9398509576183933
2025-02-16 11:00,4.796521625905719
2025-02-16 12:00,3.7287920088105726
2025-02-16 13:00,5.195848512668921
2025-02-16 14:00,5.164193948241151
2025-02-16 15:00,9.736166570729454
2025-02-16 16:00,11.570605219832116
2025-02-16 17:00,11.653094442919844
2025-02-16 18:00,17.688132590248024
2025-02-16 19:00,14.120846497398574
2025-02-16 20:00,27.89484177794033
2025-02-16 21:00,38.46097121504393
2025-02-16 22:00,36.934332987657974
2025-02-16 23:00,43.855313023142834
2025-02-17 00:00,51.480419427688346
2025-02-17 01:00,51.234061049524314
2025-02-17 02:00,50.86796624602661
2025-02-17 03:00,46.63342947270146
2025-02-17 04:00,41.35849722586012
2025-02-17 05:00,43.363369906970924
2025-02-17 06:00,48.6346993174093
2025-02-17 07:00,45.29608029265682
2025-02-17 08:00,32.693014158836135
2025-02-17 09:00,30.909113891891398
2025-02-17 10:00,40.390953314499534
2025-02-17 11:00,45.20492695737107
2025-02-17 12:00,43.58362079814611
2025-02-17 13:00,41.728532486677814
2025-02-17 14:00,40.98773755804713
2025-02-17 15:00,39.818939406254906
2025-02-17 16:00,38.8900379435725
2025-02-17 17:00,39.59304021678687
2025-02-17 18:00,38.27319623165061
2025-02-17 19:00,34.6254338447394
2025-02-17 20:00,33.3160726637825
2025-02-17 21:00,34.31656270233192
2025-02-17 22:00,32.56852353434252
2025-02-17 23:00,33.460896809572084
2025-02-18 00:00,43.05826685929503
2025-02-18 01:00,45.15053565211098
2025-02-18 02:00,44.07141191341706
2025-02-18 03:00,37.28622293878614
2025-02-18 04:00,42.06780034021297
2025-02-18 05:00,41.73180049230327
2025-02-18 06:00,42.339639561745095
2025-02-18 07:00,40.421154682931416
2025-02-18 08:00,34.19917225217439
2025-02-18 09:00,39.78812876670376
2025-02-18 10:00,39.77245239060475
2025-02-18 11:00,39.58854921445677
2025-02-18 12:00,39.69164859913912
2025-02-18 13:00,41.67595527905216
2025-02-18 14:00,44.41321808182351
2025-02-18 15:00,44.000768021827675
2025-02-18 16:00,40.74747162436007
2025-02-18 17:00,40.581156694143985
2025-02-18 18:00,33.86599640830934
2025-02-18 19:00,32.97331021041416
2025-02-18 20:00,35.60541331894852
2025-02-18 21:00,40.63334712544672
2025-02-18 22:00,42.30682229484689
2025-02-18 23:00,41.48435248997593
2025-02-19 00:00,45.11015362665504
2025-02-19 01:00,42.81997153351101
2025-02-19 02:00,39.413629355399294
2025-02-19 03:00,37.98045675092464
2025-02-19 04:00,24.315808815861047
2025-02-19 05:00,33.77363952433449
2025-02-19 06:00,36.72579490376755
2025-02-19 07:00,37.55077367420297
2025-02-19 08:00,41.61614767886594
2025-02-19 09:00,50.97513768214864
2025-02-19 10:00,43.29412938734119
2025-02-19 11:00,42.51931337212638
2025-02-19 12:00,44.50667149327399
2025-02-19 13:00,41.563212339759794
2025-02-19 14:00,41.341245430037915
2025-02-19 15:00,42.64349277472047
2025-02-19 16:00,40.156887144117285
2025-02-19 17:00,37.96588200631117
2025-02-19 18:00,36.47275155879015
2025-02-19 19:00,31.815830982644265
2025-02-19 20:00,29.866129013022285
2025-02-19 21:00,31.170154511133813
2025-02-19 22:00,31.172766912371106
2025-02-19 23:00,32.49155324610919
2025-02-20 00:00,34.11418700675187
2025-02-20 01:00,33.06272418863991
2025-02-20 02:00,31.927082376580127
2025-02-20 03:00,34.22864820483738
2025-02-20 04:00,32.02746708458352
2025-02-20 05:00,29.028004395462556
2025-02-20 06:00,16.463937861622373
2025-02-20 07:00,13.257439928594534
2025-02-20 08:00,11.173221284863779
2025-02-20 09:00,13.309816663804368
2025-02-20 10:00,12.619126986473015
2025-02-20 11:00,15.437293486849013
2025-02-20 12:00,24.955069478328042
2025-02-20 13:00,29.84285171369273
2025-02-20 14:00,34.69028626366191
2025-02-20 15:00,33.00475890258038
2025-02-20 16:00,36.79634892469806
2025-02-20 17:00,32.13573137045495
2025-02-20 18:00,25.63257981101032
2025-02-20 19:00,31.447427020205822
2025-02-20 20:00,33.75789529784472
2025-02-20 21:00,36.566874500541715
2025-02-20 22:00,38.02899690737853
2025-02-20 23:00,40.91340655617188
2025-02-21 00:00,37.415109338478075
2025-02-21 01:00,41.38845563423295
2025-02-21 02:00,38.18360420836133
2025-02-21 03:00,32.49449722658121
2025-02-21 04:00,34.78067982626791
2025-02-21 05:00,28.056728583341044
2025-02-21 06:00,25.443713382772717
2025-02-21 07:00,25.04371991419043
2025-02-21 08:00,19.549068113344717
2025-02-21 09:00,15.494122700569688
2025-02-21 10:00,13.110719850098208
2025-02-21 11:00,12.680468092549576
2025-02-21 12:00,20.036530630752022
2025-02-21 13:00,22.527462373861468
2025-02-21 14:00,24.22296400949884
2025-02-21 15:00,30.743044858763753
2025-02-21 16:00,31.81992671490044
2025-02-21 17:00,31.332895826091804
2025-02-21 18:00,32.7582310965355
2025-02-21 19:00,31.097983947914866
2025-02-21 20:00,27.579197620738807
2025-02-21 21:00,31.719120563038533
2025-02-21 22:00,30.937681867992715
2025-02-21 23:00,31.24417309119671
2025-02-22 00:00,31.779853648781327
2025-02-22 01:00,28.069810306309442
2025-02-22 02:00,21.914813331744227
2025-02-22 03:00,49.74433155847002
2025-02-22 04:00,54.756005563947674
2025-02-22 05:00,51.693075862539175
2025-02-22 06:00,43.21631259533683
2025-02-22 07:00,40.156488795072185
2025-02-22 08:00,33.420805274584175
2025-02-22 09:00,24.99786321116454
2025-02-22 10:00,17.455640485041133
2025-02-22 11:00,20.89746184239461
2025-02-22 12:00,24.079111930867665
2025-02-22 13:00,22.917112733352752
2025-02-22 14:00,30.03588931150359
2025-02-22 15:00,31.210106037762436
2025-02-22 16:00,27.30601500938466
2025-02-22 17:00,29.843492760649802
2025-02-22 18:00,25.10347610116746
2025-02-22 19:00,27.484944503675706
2025-02-22 20:00,31.225517254562146
2025-02-22 21:00,29.79220021814919
2025-02-22 22:00,30.368827656172254
2025-02-22 23:00,30.076985797909714
2025-02-23 00:00,33.53185867155229
2025-02-23 01:00,34.00051664606344
2025-02-23 02:00,34.86076375711344
2025-02-23 03:00,35.80800157592476
2025-02-23 04:00,17.702229479729155
2025-02-23 05:00,11.421138813526891
2025-02-23 06:00,8.603700791647533
2025-02-23 07:00,13.125013405979502
2025-02-23 08:00,19.96300786517646
2025-02-23 09:00,38.379169342400054
2025-02-23 10:00,42.0927328746863
2025-02-23 11:00,36.4556836894741
2025-02-23 12:00,48.14122607267298
2025-02-23 13:00,41.78521309767362
2025-02-23 14:00,45.71763859437818
2025-02-23 15:00,48.196838144645334
2025-02-23 16:00,47.860106599511724
2025-02-23 17:00,49.83011880934067
2025-02-23 18:00,42.61837330222367
2025-02-23 19:00,44.99627057435029
2025-02-23 20:00,44.855066807007375
2025-02-23 21:00,47.083651410646986
2025-02-23 22:00,47.32047635951502
2025-02-23 23:00,45.610453366308704
2025-02-24 00:00,44.14338926137287
2025-02-24 01:00,43.32573502510622
2025-02-24 02:00,38.554710583006795
2025-02-24 03:00,36.74040758951436
2025-02-24 04:00,27.178233882854492
2025-02-24 05:00,16.47195705353984
2025-02-24 06:00,12.545455666832892
2025-02-24 07:00,8.835183802118726
2025-02-24 08:00,9.831567214068809
2025-02-24 09:00,9.309022058830978
2025-02-24 10:00,12.1977856295709
2025-02-24 11:00,20.7299983816926
2025-02-24 12:00,17.122681399997987
2025-02-24 13:00,20.15679145508594
2025-02-24 14:00,18.540469042150637
2025-02-24 15:00,17.599561388177225
2025-02-24 16:00,19.201992097141638
2025-02-24 17:00,16.629558616980773
2025-02-24 18:00,20.972509267554575
2025-02-24 19:00,24.002232138078487
2025-02-24 20:00,21.990503624957956
2025-02-24 21:00,17.000629035090096
2025-02-24 22:00,6.243600690262513
2025-02-24 23:00,4.2668327768018885
2025-02-25 00:00,4.984234500022989
2025-02-25 01:00,9.827852614420598
2025-02-25 02:00,10.06102870635092
2025-02-25 03:00,10.114957670763008
2025-02-25 04:00,12.489027580354767
2025-02-25 05:00,12.030991660523041
2025-02-25 06:00,10.490767275860824
2025-02-25 07:00,11.501769370691731
2025-02-25 08:00,6.071983652389722
2025-02-25 09:00,2.6477057885394633
2025-02-25 10:00,3.065457696642684
2025-02-25 11:00,0.48192712894541845
2025-02-25 12:00,0.5543444191863682
2025-02-25 13:00,1.6488071100122625
2025-02-25 14:00,1.3074109743578193
2025-02-25 15:00,2.87845792640868
2025-02-25 16:00,9.55633437061358
2025-02-25 17:00,11.754702226653947
2025-02-25 18:00,16.464258003646055
2025-02-25 19:00,15.95771502173385
2025-02-25 20:00,16.469268830768776
2025-02-25 21:00,22.142019724203404
2025-02-25 22:00,24.37867239832293
2025-02-25 23:00,23.219137812498417
2025-02-26 00:00,8.94487851805084
2025-02-26 01:00,9.572213094336924
2025-02-26 02:00,15.298470468440044
2025-02-26 03:00,18.632414522445092
2025-02-26 04:00,26.344080552829983
2025-02-26 05:00,25.95889345693932
2025-02-26 06:00,22.79825268295245
2025-02-26 07:00,29.966574481316957
2025-02-26 08:00,17.33445868613394
2025-02-26 09:00,18.727299349592467
2025-02-26 10:00,8.442594039212723
2025-02-26 11:00,7.6367192855847845
2025-02-26 12:00,8.885173380061987
2025-02-26 13:00,12.794678942021747
2025-02-26 14:00,11.575956461397414
2025-02-26 15:00,11.0244641094638
2025-02-26 16:00,7.918813702033144
2025-02-26 17:00,6.798336904886181
2025-02-26 18:00,10.736504357772262
2025-02-26 19:00,12.913373115201614
2025-02-26 20:00,6.854142565401422
2025-02-26 21:00,4.684158889624097
2025-02-26 22:00,4.3359021846353665
2025-02-26 23:00,7.923257977104962
2025-02-27 00:00,3.215627903326763
2025-02-27 01:00,1.4707659942784526
2025-02-27 02:00,4.177638909402431
2025-02-27 03:00,2.1763745950706572
2025-02-27 04:00,1.3472763759286646
2025-02-27 05:00,1.7782125926342944
2025-02-27 06:00,1.8860762231853643
2025-02-27 07:00,3.266527249709972
2025-02-27 08:00,5.984162731305151
2025-02-27 09:00,2.772433395284685
2025-02-27 10:00,2.3640892231395965
2025-02-27 11:00,0.8266927898543325
2025-02-27 12:00,1.214642090955037
2025-02-27 13:00,2.335494957608506
2025-02-27 14:00,2.0383399287628623
2025-02-27 15:00,1.8974499698748535
2025-02-27 16:00,4.797904089671315
2025-02-27 17:00,3.1772065420728643
2025-02-27 18:00,6.944435830833979
2025-02-27 19:00,7.436738944270828
2025-02-27 20:00,4.974437561086037
2025-02-27 21:00,4.315835213246095
2025-02-27 22:00,3.2816026644557565
2025-02-27 23:00,4.75344278312672
2025-02-28 00:00,6.278161818896355
2025-02-28 01:00,3.97021935456033
2025-02-28 02:00,4.286558169689829
2025-02-28 03:00,4.427093818627168
2025-02-28 04:00,5.578972044234967
2025-02-28 05:00,3.9281335668406023
2025-02-28 06:00,3.3562740310842973
2025-02-28 07:00,3.028307843326754
2025-02-28 08:00,2.990451767810574
2025-02-28 09:00,2.5602241064692746
2025-02-28 10:00,2.382993051239476
2025-02-28 11:00,1.8276999757916752
2025-02-28 12:00,4.788574955215559
2025-02-28 13:00,6.053447177353926
2025-02-28 14:00,4.685477307389104
2025-02-28 15:00,4.521766269279387
2025-02-28 16:00,3.6394864551317356
2025-02-28 17:00,5.474415189730065
2025-02-28 18:00,4.860506810994372
2025-02-28 19:00,3.5152181194205494
2025-02-28 20:00,1.5484516467000458
2025-02-28 21:00,5.58598194261277
2025-02-28 22:00,5.4856835525306415
2025-02-28 23:00,4.531876160716901
2025-03-01 00:00,1.28822636301066
2025-03-01 01:00,4.485154142992048
2025-03-01 02:00,6.73684352206461
2025-03-01 03:00,5.926968778882116
2025-03-01 04:00,4.239402919713508
2025-03-01 05:00,5.271345308249918
2025-03-01 06:00,4.953497260275898
2025-03-01 07:00,3.103243593008569
2025-03-01 08:00,0.5041599894840664
2025-03-01 09:00,0.0
2025-03-01 10:00,0.0
2025-03-01 11:00,0.25216492408405894
2025-03-01 12:00,0.18047481281145816
2025-03-01 13:00,3.116268174416744
2025-03-01 14:00,3.320590467925018
2025-03-01 15:00,4.581251771020623
2025-03-01 16:00,5.210525022886885
2025-03-01 17:00,1.7194776647602958
2025-03-01 18:00,4.080003208605164
2025-03-01 19:00,4.806827346749078
2025-03-01 20:00,5.888187670299787
2025-03-01 21:00,4.815765456233361
2025-03-01 22:00,6.946001942325028
2025-03-01 23:00,4.898474663140106
2025-03-02 00:00,4.4713869590057245
2025-03-02 01:00,1.9249217341108347
2025-03-02 02:00,6.782681135330019
2025-03-02 03:00,8.37119130346873
2025-03-02 04:00,1.8522138558484933
2025-03-02 05:00,2.6164569338749173
2025-03-02 06:00,9.00543469746316
2025-03-02 07:00,6.831268137027599
2025-03-02 08:00,2.5374239689522704
2025-03-02 09:00,0.8484993706160711
2025-03-02 10:00,1.3381419466177773
2025-03-02 11:00,1.42409621024706
2025-03-02 12:00,0.6105082459990105
2025-03-02 13:00,2.1466668803397533
2025-03-02 14:00,3.046695259917436
2025-03-02 15:00,5.28223538093665
2025-03-02 16:00,1.9080769878546044
2025-03-02 17:00,2.3227419290031888
2025-03-02 18:00,2.864064664310339
2025-03-02 19:00,4.129536683395274
2025-03-02 20:00,8.24270871786458
2025-03-02 21:00,14.023603053822088
2025-03-02 22:00,8.474738058063302
2025-03-02 23:00,21.20693024651676
2025-03-03 00:00,27.07934237579598
2025-03-03 01:00,38.72922713881153
2025-03-03 02:00,35.449898047099985
2025-03-03 03:00,45.6315132124821
2025-03-03 04:00,38.75396893592124
2025-03-03 05:00,43.20389888528433
2025-03-03 06:00,33.88285662107064
2025-03-03 07:00,35.59830534197457
2025-03-03 08:00,28.957423400177717
2025-03-03 09:00,36.876139379738035
2025-03-03 10:00,25.435192053342245
2025-03-03 11:00,20.417359060227568
2025-03-03 12:00,16.53438502195257
2025-03-03 13:00,23.732642305798436
2025-03-03 14:00,18.261198398468444
2025-03-03 15:00,17.10475921556423
2025-03-03 16:00,13.1882698513656
2025-03-03 17:00,13.93152589778024
2025-03-03 18:00,18.165072391469472
2025-03-03 19:00,18.86627949136813
2025-03-03 20:00,18.854832866258896
2025-03-03 21:00,13.480912553405162
2025-03-03 22:00,18.466381952558482
2025-03-03 23:00,25.305960177503824
2025-03-04 00:00,23.229194029730074
2025-03-04 01:00,17.858201326018712
2025-03-04 02:00,16.813927154948544
2025-03-04 03:00,22.074545760810384
2025-03-04 04:00,24.127654962268593
2025-03-04 05:00,19.1724535628697
2025-03-04 06:00,23.317772135031202
2025-03-04 07:00,21.441220120505385
2025-03-04 08:00,21.217053374749387
2025-03-04 09:00,14.042095862355026
2025-03-04 10:00,20.56652416626552
2025-03-04 11:00,14.414154116079056
2025-03-04 12:00,19.034512610553183
2025-03-04 13:00,18.585191931631673
2025-03-04 14:00,18.367388256697577
2025-03-04 15:00,17.592898696943017
2025-03-04 16:00,19.462947258542506
2025-03-04 17:00,17.65197897332577
2025-03-04 18:00,18.0581477877533
2025-03-04 19:00,18.668741634714188
2025-03-04 20:00,20.894361296075896
2025-03-04 21:00,24.766438095577595
2025-03-04 22:00,16.145021090416748
2025-03-04 23:00,15.992747279738836
2025-03-05 00:00,11.668873377038762
2025-03-05 01:00,12.511199521088306
2025-03-05 02:00,13.074845621555617
2025-03-05 03:00,11.234245136744558
2025-03-05 04:00,10.31868871680985
2025-03-05 05:00,7.212380503868729
2025-03-05 06:00,8.385737526353118
2025-03-05 07:00,10.525064928789808
2025-03-05 08:00,5.7451302724167155
2025-03-05 09:00,4.029702185507515
2025-03-05 10:00,2.979447340155447
2025-03-05 11:00,1.885157619201718
2025-03-05 12:00,5.504178652930074
2025-03-05 13:00,6.292372483262003
2025-03-05 14:00,8.957406236616114
2025-03-05 15:00,8.419101355437988
2025-03-05 16:00,9.212036964467675
2025-03-05 17:00,5.531334145483741
2025-03-05 18:00,6.303651390212823
2025-03-05 19:00,15.638272687512995
2025-03-05 20:00,15.195841118404978
2025-03-05 21:00,22.078072814439405
2025-03-05 22:00,18.63153058615745
2025-03-05 23:00,22.505015035558145
2025-03-06 00:00,28.671796547965716
2025-03-06 01:00,28.127953513098777
2025-03-06 02:00,25.688199510760157
2025-03-06 03:00,34.53388049973614
2025-03-06 04:00,31.8793465149275
2025-03-06 05:00,26.958416489450347
2025-03-06 06:00,28.600720569556476
2025-03-06 07:00,21.82506996803027
2025-03-06 08:00,15.141489117538065
2025-03-06 09:00,14.041520233556962
2025-03-06 10:00,10.806154243974682
2025-03-06 11:00,1.6429459056394198
2025-03-06 12:00,13.987047770248939
2025-03-06 13:00,18.630282725677027
2025-03-06 14:00,16.84853017173682
2025-03-06 15:00,21.85154061440322
2025-03-06 16:00,15.675948679011242
2025-03-06 17:00,14.362185404244567
2025-03-06 18:00,12.942671194338999
2025-03-06 19:00,17.28592742503775
2025-03-06 20:00,18.02978031850583
2025-03-06 21:00,18.18185822492183
2025-03-06 22:00,11.790586004395735
2025-03-06 23:00,8.388465688741826
2025-03-07 00:00,15.070216646036245
2025-03-07 01:00,9.195993216956756
2025-03-07 02:00,9.825482230510318
2025-03-07 03:00,8.94470135307932
2025-03-07 04:00,7.890016151279327
2025-03-07 05:00,9.806947657431524
2025-03-07 06:00,7.1296524755439386
2025-03-07 07:00,3.6987735976672997
2025-03-07 08:00,3.2924564938558047
2025-03-07 09:00,1.2341350145693826
2025-03-07 10:00,0.81327624924983
2025-03-07 11:00,1.4473612735933106
2025-03-07 12:00,0.07319992605413618
2025-03-07 13:00,0.0
2025-03-07 14:00,0.0
2025-03-07 15:00,0.0
2025-03-07 16:00,3.469316462947009
2025-03-07 17:00,3.4366523431589697
2025-03-07 18:00,7.670961577010582
2025-03-07 19:00,9.478090633775244
2025-03-07 20:00,5.289450703074265
2025-03-07 21:00,4.704644778426034
2025-03-07 22:00,3.2138896873500244
2025-03-07 23:00,3.4767230301766454
2025-03-08 00:00,3.854040880395203
2025-03-08 01:00,4.321911807603065
2025-03-08 02:00,6.270833533918032
2025-03-08 03:00,4.22052029765128
2025-03-08 04:00,4.9816452723270785
2025-03-08 05:00,8.994408162638539
2025-03-08 06:00,7.91114178148977
2025-03-08 07:00,13.793170846910535
2025-03-08 08:00,5.330676811299865
2025-03-08 09:00,6.350176591980505
2025-03-08 10:00,2.747869330479197
2025-03-08 11:00,2.581269621367685
2025-03-08 12:00,1.7276329614109516
2025-03-08 13:00,2.2717305533530237
2025-03-08 14:00,3.6019629598083784
2025-03-08 15:00,3.7660145496416813
2025-03-08 16:00,4.867584995310955
2025-03-08 17:00,6.063630918171606
2025-03-08 18:00,7.179078215856257
2025-03-08 19:00,7.278028819333846
2025-03-08 20:00,4.326508577244904
2025-03-08 21:00,5.636514668348528
2025-03-08 22:00,5.909923926803954
2025-03-08 23:00,6.13394265887171
2025-03-09 00:00,12.20457616436802
2025-03-09 01:00,9.195498945669442
2025-03-09 02:00,8.781648885084273
2025-03-09 03:00,10.261554652234517
2025-03-09 04:00,8.581166428799484
2025-03-09 05:00,8.03173998989457
2025-03-09 06:00,8.445328742639061
2025-03-09 07:00,8.09178137548084
2025-03-09 08:00,4.326032786243977
2025-03-09 09:00,1.831588418951003
2025-03-09 10:00,2.7373446168480786
2025-03-09 11:00,0.37730759465421587
2025-03-09 12:00,4.223018207131306
2025-03-09 13:00,0.0
2025-03-09 14:00,0.0
2025-03-09 15:00,0.0
2025-03-09 16:00,1.1814288979392642
2025-03-09 17:00,0.034222219687594056
2025-03-09 18:00,3.5435151386438193
2025-03-09 19:00,4.407710441906614
2025-03-09 20:00,2.519783150532209
2025-03-09 21:00,1.4385805405357652
2025-03-09 22:00,1.44731856208978
2025-03-09 23:00,3.450491962321722
2025-03-10 00:00,3.149980076621783
2025-03-10 01:00,2.1697213716912396
2025-03-10 02:00,2.522071679927245
2025-03-10 03:00,2.2775562207632496
2025-03-10 04:00,1.3977437317608286
2025-03-10 05:00,2.45520578291111
2025-03-10 06:00,3.1742547970226913
2025-03-10 07:00,2.199084184731705
2025-03-10 08:00,1.7041307119837967
2025-03-10 09:00,0.2502289939979999
2025-03-10 10:00,0.21146190338403623
2025-03-10 11:00,2.915217514422826
2025-03-10 12:00,4.460151003658066
2025-03-10 13:00,1.8670010125333896
2025-03-10 14:00,0.0
2025-03-10 15:00,0.0
2025-03-10 16:00,1.376462557206452
2025-03-10 17:00,1.4315649583639718
2025-03-10 18:00,5.068822218642602
2025-03-10 19:00,3.872966877319522
2025-03-10 20:00,1.3461934341862458
2025-03-10 21:00,2.7637260307622262
2025-03-10 22:00,0.9710200575327322
2025-03-10 23:00,1.2560747815078548
2025-03-11 00:00,1.7163914755225707
2025-03-11 01:00,0.6425082757638811
2025-03-11 02:00,1.3714934119878497
2025-03-11 03:00,1.965362736349038
2025-03-11 04:00,1.761980496572703
2025-03-11 05:00,5.0819458457925455
2025-03-11 06:00,13.346437119488199
2025-03-11 07:00,17.021964409955505
2025-03-11 08:00,2.658788892560188
2025-03-11 09:00,0.18261379735575006
2025-03-11 10:00,1.3435541574407126
2025-03-11 11:00,1.222508271908728
2025-03-11 12:00,0.40836033037733316
2025-03-11 13:00,0.10106768650280522
2025-03-11 14:00,0.19491089822412933
2025-03-11 15:00,0.7867135063554113
2025-03-11 16:00,0.00739340289250151
2025-03-11 17:00,0.35817756809238166
2025-03-11 18:00,3.449793072814153
2025-03-11 19:00,6.248735124042388
2025-03-11 20:00,2.8866892741019634
2025-03-11 21:00,4.093058950380516
2025-03-11 22:00,4.389077189127257
2025-03-11 23:00,1.4286750736646454
2025-03-12 00:00,3.151887487505799
2025-03-12 01:00,2.264101856633268
2025-03-12 02:00,13.086072602238117
2025-03-12 03:00,2.846079516576135
2025-03-12 04:00,9.114503282733983
2025-03-12 05:00,10.876499040761708
2025-03-12 06:00,5.39625342390543
2025-03-12 07:00,1.8669519416551217
2025-03-12 08:00,1.3171441075935628
2025-03-12 09:00,0.08437771463419001
2025-03-12 10:00,1.1440441245765527
2025-03-12 11:00,0.5050070896802175
2025-03-12 12:00,0.694028635502559
2025-03-12 13:00,1.6846590628254265
2025-03-12 14:00,3.0976438922732195
2025-03-12 15:00,5.177595369513681
2025-03-12 16:00,5.60358822476362
2025-03-12 17:00,6.543363694785148
2025-03-12 18:00,8.525163346317383
2025-03-12 19:00,8.726562517895715
2025-03-12 20:00,10.040651043063882
2025-03-12 21:00,6.111199079931402
2025-03-12 22:00,4.61701516411187
2025-03-12 23:00,8.628155541270305
2025-03-13 00:00,17.412128005150453
2025-03-13 01:00,16.033523687578743
2025-03-13 02:00,17.66108131834764
2025-03-13 03:00,17.862226895256317
2025-03-13 04:00,14.332681302348858
2025-03-13 05:00,17.262543336340897
2025-03-13 06:00,24.15342942820477
2025-03-13 07:00,21.772086202850936
2025-03-13 08:00,10.384432921133222
2025-03-13 09:00,6.847921423797615
2025-03-13 10:00,10.169266252897504
2025-03-13 11:00,9.925014537349735
2025-03-13 12:00,11.942192043455012
2025-03-13 13:00,17.003146677998018
2025-03-13 14:00,19.29126101817822
2025-03-13 15:00,18.10110637350673
2025-03-13 16:00,20.03508625018403
2025-03-13 17:00,13.338033472317655
2025-03-13 18:00,10.771547767917678
2025-03-13 19:00,14.705339555275433
2025-03-13 20:00,13.16788521648997
2025-03-13 21:00,19.954678672014715
2025-03-13 22:00,17.74629920875084
2025-03-13 23:00,13.477558721004371
2025-03-14 00:00,11.884889555717832
2025-03-14 01:00,11.483359823739379
2025-03-14 02:00,10.86220309612729
2025-03-14 03:00,16.096634328920434
2025-03-14 04:00,12.036326719344371
2025-03-14 05:00,9.589867114126356
2025-03-14 06:00,8.562662750982723
2025-03-14 07:00,18.07182608213532
2025-03-14 08:00,7.387664732066013
2025-03-14 09:00,4.476870950434904
2025-03-14 10:00,2.8181330006377014
2025-03-14 11:00,0.9684991933751421
2025-03-14 12:00,0.2770794022321848
2025-03-14 13:00,0.46701967692175456
2025-03-14 14:00,0.5701511219727854
2025-03-14 15:00,1.7542055676476047
2025-03-14 16:00,3.416387946085513
2025-03-14 17:00,4.93623981863601
2025-03-14 18:00,4.803392386556546
2025-03-14 19:00,6.8253292634177765
2025-03-14 20:00,26.237775921588472
2025-03-14 21:00,5.8581847938375855
2025-03-14 22:00,2.3554772856402155
2025-03-14 23:00,4.810171798904969
2025-03-15 00:00,17.240236182627655
2025-03-15 01:00,8.564805691839782
2025-03-15 02:00,9.912867134688216
2025-03-15 03:00,6.772047315288359
2025-03-15 04:00,8.67434442335999
2025-03-15 05:00,8.530390729480349
2025-03-15 06:00,5.256788062854701
2025-03-15 07:00,4.854783410532867
2025-03-15 08:00,4.729287693287814
2025-03-15 09:00,18.308519349896287
2025-03-15 10:00,11.470985310723698
2025-03-15 11:00,4.772478170865585
2025-03-15 12:00,4.879226235965771
2025-03-15 13:00,4.766184714994339
2025-03-15 14:00,1.7079643610054738
2025-03-15 15:00,1.5131962919580466
2025-03-15 16:00,3.2526412247591043
2025-03-15 17:00,3.029331108428754
2025-03-15 18:00,6.007078203506849
2025-03-15 19:00,4.244974514207584
2025-03-15 20:00,4.271154563537521
2025-03-15 21:00,5.148931420333118
2025-03-15 22:00,4.217655551218384
2025-03-15 23:00,6.195120162524407
2025-03-16 00:00,12.31604666955293
2025-03-16 01:00,13.030523726774225
2025-03-16 02:00,11.21234233773876
2025-03-16 03:00,13.96899693603584
2025-03-16 04:00,14.566423832090429
2025-03-16 05:00,14.656007931634083
2025-03-16 06:00,13.03396413812181
2025-03-16 07:00,12.650959841442683
2025-03-16 08:00,5.389007304735951
2025-03-16 09:00,8.943986810557805
2025-03-16 10:00,9.300390110980931
2025-03-16 11:00,11.235390417589052
2025-03-16 12:00,13.831713331921435
2025-03-16 13:00,18.702275117339795
2025-03-16 14:00,24.735709011307595
2025-03-16 15:00,42.53400458972239
2025-03-16 16:00,49.25430116481759
2025-03-16 17:00,53.119633741427094
2025-03-16 18:00,56.77815409807061
2025-03-16 19:00,55.25773259320656
2025-03-16 20:00,51.989313071601075
2025-03-16 21:00,51.620281854451626
2025-03-16 22:00,45.09965970962531
2025-03-16 23:00,47.65755513911004
2025-03-17 00:00,50.20677309709225
2025-03-17 01:00,47.3140252275916
2025-03-17 02:00,49.33924508598855
2025-03-17 03:00,48.29197365835882
2025-03-17 04:00,49.232490882842534
2025-03-17 05:00,47.21800074091662
2025-03-17 06:00,45.25258391516606
2025-03-17 07:00,42.08529391544682
2025-03-17 08:00,40.858574537051396
2025-03-17 09:00,40.974279560804725
2025-03-17 10:00,29.778440134240373
2025-03-17 11:00,20.557571430675374
2025-03-17 12:00,18.73020731317067
2025-03-17 13:00,17.420164040006746
2025-03-17 14:00,15.398744231265189
2025-03-17 15:00,12.951238058758728
2025-03-17 16:00,13.88990455344647
2025-03-17 17:00,7.046740400934363
2025-03-17 18:00,11.92858184770412
2025-03-17 19:00,15.20321508412868
2025-03-17 20:00,10.630962850978179
2025-03-17 21:00,15.86742891742902
2025-03-17 22:00,18.408817478731073
2025-03-17 23:00,23.517077303787566
2025-03-18 00:00,34.06082838114843
2025-03-18 01:00,41.217649625654026
2025-03-18 02:00,26.482531492226894
2025-03-18 03:00,35.09996901383451
2025-03-18 04:00,43.80728414498787
2025-03-18 05:00,36.1889515393723
2025-03-18 06:00,42.61874991554441
2025-03-18 07:00,37.52217312894923
2025-03-18 08:00,45.61079122779783
2025-03-18 09:00,46.54368866510036
2025-03-18 10:00,52.04347546301913
2025-03-18 11:00,51.559684273653396
2025-03-18 12:00,50.090780737674656
2025-03-18 13:00,49.86808271525047
2025-03-18 14:00,52.56469536304643
2025-03-18 15:00,54.08643243216714
2025-03-18 16:00,55.41192673800036
2025-03-18 17:00,53.418685858111395
2025-03-18 18:00,54.536965143813205
2025-03-18 19:00,44.1980941875579
2025-03-18 20:00,41.65056756157617
2025-03-18 21:00,42.65722708952573
2025-03-18 22:00,37.16850120067309
2025-03-18 23:00,34.55903629914775
2025-03-19 00:00,39.60561687291425
2025-03-19 01:00,36.78388421439052
2025-03-19 02:00,25.510459166943004
2025-03-19 03:00,27.45863132675618
2025-03-19 04:00,20.076776649801186
2025-03-19 05:00,14.913747889417925
2025-03-19 06:00,15.657216296275527
2025-03-19 07:00,11.700973791107367
2025-03-19 08:00,10.738869013879222
2025-03-19 09:00,20.734267468149223
2025-03-19 10:00,16.490856303428497
2025-03-19 11:00,9.713094587333348
2025-03-19 12:00,13.889729227177654
2025-03-19 13:00,19.135489644342346
2025-03-19 14:00,14.377413436925794
2025-03-19 15:00,15.96231297710474
2025-03-19 16:00,15.647634576691262
2025-03-19 17:00,9.265334453252759
2025-03-19 18:00,13.99655424991239
2025-03-19 19:00,14.10866350679874
2025-03-19 20:00,11.43143725581892
2025-03-19 21:00,9.647029701123438
2025-03-19 22:00,9.313316667035465
2025-03-19 23:00,7.645942778211746
2025-03-20 00:00,11.854784996213255
2025-03-20 01:00,14.330213897692547
2025-03-20 02:00,19.92373882342076
2025-03-20 03:00,21.640310828810506
2025-03-20 04:00,19.59557751535076
2025-03-20 05:00,20.750394077995114
2025-03-20 06:00,23.622630036785505
2025-03-20 07:00,27.23445694445869
2025-03-20 08:00,30.52240087887887
2025-03-20 09:00,26.891592197928656
2025-03-20 10:00,33.220814451164635
2025-03-20 11:00,21.389375950474243
2025-03-20 12:00,9.067893509001792
2025-03-20 13:00,9.334744961413094
2025-03-20 14:00,8.726107952120836
2025-03-20 15:00,11.352734377330592
2025-03-20 16:00,13.744971560488073
2025-03-20 17:00,18.5594890726227
2025-03-20 18:00,22.50081491646274
2025-03-20 19:00,26.018367602046407
2025-03-20 20:00,22.76149732642328
2025-03-20 21:00,23.292902163164648
2025-03-20 22:00,20.72195239117247
2025-03-20 23:00,32.17515426574794
2025-03-21 00:00,31.980337723948065
2025-03-21 01:00,32.36999036593457
2025-03-21 02:00,30.48973911182969
2025-03-21 03:00,22.41792932589078
2025-03-21 04:00,25.844376659778593
2025-03-21 05:00,33.35492347453853
2025-03-21 06:00,29.451602516756036
2025-03-21 07:00,30.86330027159495
2025-03-21 08:00,29.261506082015213
2025-03-21 09:00,25.470192164152458
2025-03-21 10:00,21.5673634489272
2025-03-21 11:00,15.448690351919012
2025-03-21 12:00,10.44466814335955
2025-03-21 13:00,8.364464958499985
2025-03-21 14:00,6.6127751600631415
2025-03-21 15:00,5.64240811550465
2025-03-21 16:00,7.142617731853617
2025-03-21 17:00,4.335616010301426
2025-03-21 18:00,6.273859128919189
2025-03-21 19:00,7.419752312273931
2025-03-21 20:00,11.952238332413163
2025-03-21 21:00,12.328167169223805
2025-03-21 22:00,9.209914279806103
2025-03-21 23:00,16.150189486949095
2025-03-22 00:00,31.174138723194528
2025-03-22 01:00,21.243213490753906
2025-03-22 02:00,23.556019029085157
2025-03-22 03:00,27.853859926466797
2025-03-22 04:00,29.113795325490685
2025-03-22 05:00,31.021672028210393
2025-03-22 06:00,30.179067307470614
2025-03-22 07:00,36.29947957695842
2025-03-22 08:00,19.169614948858765
2025-03-22 09:00,15.035516221700982
2025-03-22 10:00,17.99007010731442
2025-03-22 11:00,13.817581157169839
2025-03-22 12:00,16.405704595963815
2025-03-22 13:00,11.055695039137992
2025-03-22 14:00,10.09846872850047
2025-03-22 15:00,10.046780292150006
2025-03-22 16:00,12.421370192367823
2025-03-22 17:00,13.627068810580742
2025-03-22 18:00,17.203972092876597
2025-03-22 19:00,9.974584348046216
2025-03-22 20:00,18.276264621554862
2025-03-22 21:00,23.342545485934924
2025-03-22 22:00,19.182084320189134
2025-03-22 23:00,21.90619169701768
2025-03-23 00:00,22.896412200451874
2025-03-23 01:00,30.777123204706008
2025-03-23 02:00,25.703623716360475
2025-03-23 03:00,31.213447098344457
2025-03-23 04:00,32.599643554477005
2025-03-23 05:00,31.28339892528218
2025-03-23 06:00,24.208095301144063
2025-03-23 07:00,19.034672016110218
2025-03-23 08:00,19.4264459954444
2025-03-23 09:00,14.266203595866838
2025-03-23 10:00,14.014011431051328
2025-03-23 11:00,13.403328493707539
2025-03-23 12:00,14.449358401105998
2025-03-23 13:00,15.114018333085925
2025-03-23 14:00,14.40764383840763
2025-03-23 15:00,19.17060619250825
2025-03-23 16:00,18.29221380957536
2025-03-23 17:00,17.582266764693987
2025-03-23 18:00,22.732243947639454
2025-03-23 19:00,23.406046357935193
2025-03-23 20:00,16.583999773787685
2025-03-23 21:00,6.341997538710354
2025-03-23 22:00,14.487624928722498
2025-03-23 23:00,24.939657248818893
2025-03-24 00:00,9.629711573269478
2025-03-24 01:00,18.31189291454819
2025-03-24 02:00,29.347486667932174
2025-03-24 03:00,37.25485203883797
2025-03-24 04:00,42.481445467628724
2025-03-24 05:00,36.33926292544045
2025-03-24 06:00,50.25859931398367
2025-03-24 07:00,47.93229648937554
2025-03-24 08:00,46.83249883144284
2025-03-24 09:00,49.169284644436374
2025-03-24 10:00,48.20661376302478
2025-03-24 11:00,45.79842019266346
2025-03-24 12:00,46.56642121826045
2025-03-24 13:00,45.11709566431421
2025-03-24 14:00,45.68871862623158
2025-03-24 15:00,44.986138061534895
2025-03-24 16:00,43.91546050248183
2025-03-24 17:00,35.7503313926305
2025-03-24 18:00,40.93666097492652
2025-03-24 19:00,40.898483538822404
2025-03-24 20:00,41.95817189455988
2025-03-24 21:00,39.03826146471671
2025-03-24 22:00,30.541378230440753
2025-03-24 23:00,30.406100034502952
2025-03-25 00:00,28.001123595192222
2025-03-25 01:00,17.36232873947754
2025-03-25 02:00,14.854962028101816
2025-03-25 03:00,16.280056018579934
2025-03-25 04:00,8.925327407196162
2025-03-25 05:00,4.076515740826651
2025-03-25 06:00,5.256449120851527
2025-03-25 07:00,5.698305906974503
2025-03-25 08:00,5.379649873282622
2025-03-25 09:00,6.894437999581801
2025-03-25 10:00,15.642194166130642
2025-03-25 11:00,28.668759732206905
2025-03-25 12:00,44.26129324987465
2025-03-25 13:00,48.961684151366576
2025-03-25 14:00,49.80317259072828
2025-03-25 15:00,44.627816694543476
2025-03-25 16:00,41.088935493567924
2025-03-25 17:00,34.078547838254416
2025-03-25 18:00,12.197863324694998
2025-03-25 19:00,14.557568759934087
2025-03-25 20:00,12.794702604658545
2025-03-25 21:00,12.061147778088483
2025-03-25 22:00,12.944159178909453
2025-03-25 23:00,11.436966853501533
2025-03-26 00:00,10.61863804148475
2025-03-26 01:00,6.112092814239294
2025-03-26 02:00,9.912707466130804
2025-03-26 03:00,7.288891969248348
2025-03-26 04:00,3.583023485097811
2025-03-26 05:00,1.5240025876579137
2025-03-26 06:00,3.0306319932998957
2025-03-26 07:00,1.8451884545445394
2025-03-26 08:00,1.23946161727321
2025-03-26 09:00,0.49281412119986984
2025-03-26 10:00,1.0640797083141231
2025-03-26 11:00,4.979838504041128
2025-03-26 12:00,5.009733757231056
2025-03-26 13:00,19.267116406351654
2025-03-26 14:00,11.780587763027063
2025-03-26 15:00,9.406595338381697
2025-03-26 16:00,8.191373240124788
2025-03-26 17:00,5.95234804120002
2025-03-26 18:00,8.509712262619006
2025-03-26 19:00,20.886781634325153
2025-03-26 20:00,27.350876122062353
2025-03-26 21:00,38.35495074885021
2025-03-26 22:00,53.40171534532467
2025-03-26 23:00,55.1604253359987
2025-03-27 00:00,54.107505971710665
2025-03-27 01:00,55.59665650672654
2025-03-27 02:00,56.167390239378555
2025-03-27 03:00,57.21629775493234
2025-03-27 04:00,55.841173016457034
2025-03-27 05:00,51.787584917170136
2025-03-27 06:00,45.74550244202285
2025-03-27 07:00,48.186492584961556
2025-03-27 08:00,48.335950677537376
2025-03-27 09:00,46.82730122435221
2025-03-27 10:00,39.18075772241614
2025-03-27 11:00,34.56611147712002
2025-03-27 12:00,18.689083629332185
2025-03-27 13:00,10.916936945408098
2025-03-27 14:00,11.52648378350683
2025-03-27 15:00,13.930197617624367
2025-03-27 16:00,15.071173164097564
2025-03-27 17:00,15.574647835104377
2025-03-27 18:00,26.356128738092625
2025-03-27 19:00,19.417461893894696
2025-03-27 20:00,16.121350730197157
2025-03-27 21:00,17.845810539234723
2025-03-27 22:00,23.59200277770299
2025-03-27 23:00,29.83516745621872
2025-03-28 00:00,32.63848965260471
2025-03-28 01:00,36.62162391357424
2025-03-28 02:00,32.49425288883695
2025-03-28 03:00,29.91506987093156
2025-03-28 04:00,32.64050160257785
2025-03-28 05:00,33.56739877990602
2025-03-28 06:00,33.661408447485805
2025-03-28 07:00,32.289067673684414
2025-03-28 08:00,39.19777485036197
2025-03-28 09:00,41.33095180026257
2025-03-28 10:00,31.723292069294125
2025-03-28 11:00,30.07501788101894
2025-03-28 12:00,37.811531412218024
2025-03-28 13:00,42.66124676042531
2025-03-28 14:00,42.869359289592744
2025-03-28 15:00,41.81609997257724
2025-03-28 16:00,41.66446331470577
2025-03-28 17:00,42.24453970660276
2025-03-28 18:00,48.93481290414723
2025-03-28 19:00,46.31143293033666
2025-03-28 20:00,47.997900421252425
2025-03-28 21:00,44.30490100679021
2025-03-28 22:00,36.911541775205876
2025-03-28 23:00,31.804281953967077
2025-03-29 00:00,21.61629413933792
2025-03-29 01:00,17.43433341943361
2025-03-29 02:00,14.676054834595188
2025-03-29 03:00,16.470950988630843
2025-03-29 04:00,21.208137381297945
2025-03-29 05:00,31.660266079216633
2025-03-29 06:00,29.59425408380263
2025-03-29 07:00,24.353314422491714
2025-03-29 08:00,22.123915167415504
2025-03-29 09:00,8.723998724116907
2025-03-29 10:00,2.2777078976813367
2025-03-29 11:00,7.668986415304279
2025-03-29 12:00,10.940534157413042
2025-03-29 13:00,8.113947520327867
2025-03-29 14:00,16.90549877558263
2025-03-29 15:00,20.270976880659042
2025-03-29 16:00,28.80308401837365
2025-03-29 17:00,36.23570203099258
2025-03-29 18:00,45.38406933489105
2025-03-29 19:00,47.71245125067767
2025-03-29 20:00,49.7294684044723
2025-03-29 21:00,33.639706877841625
2025-03-29 22:00,32.96812215228269
2025-03-29 23:00,28.410896156824393
2025-03-30 00:00,24.260592050619863
2025-03-30 01:00,23.63290921945269
2025-03-30 02:00,23.943977578305162
2025-03-30 03:00,11.117291807691696
2025-03-30 04:00,5.503095116929989
2025-03-30 05:00,8.647397764593203
2025-03-30 06:00,10.028547620522797
2025-03-30 07:00,10.26358537543594
2025-03-30 08:00,21.004595869385614
2025-03-30 09:00,17.621019796585006
2025-03-30 10:00,22.40609750205957
2025-03-30 11:00,14.504878835985243
2025-03-30 12:00,14.622072212115555
2025-03-30 13:00,11.216892436017384
2025-03-30 14:00,9.549718520430753
2025-03-30 15:00,10.459845584014634
2025-03-30 16:00,10.720561004697638
2025-03-30 17:00,10.44479571852696
2025-03-30 18:00,8.87424777149006
2025-03-30 19:00,13.618629151037199
2025-03-30 20:00,16.84451265892346
2025-03-30 21:00,12.125366909915648
2025-03-30 22:00,12.957746856718957
2025-03-30 23:00,16.31560437843633
2025-03-31 00:00,6.834033839512505
2025-03-31 01:00,4.728869900807925
2025-03-31 02:00,6.780230992113895
2025-03-31 03:00,6.99093349813283
2025-03-31 04:00,11.834675973984154
2025-03-31 05:00,12.243679725917897
2025-03-31 06:00,6.774981726070394
2025-03-31 07:00,3.5468014006835547
2025-03-31 08:00,2.30002942378362
2025-03-31 09:00,5.269734203312321
2025-03-31 10:00,2.6148364307354015
2025-03-31 11:00,0.0
2025-03-31 12:00,0.0
2025-03-31 13:00,0.0
2025-03-31 14:00,0.14979507999128
2025-03-31 15:00,0.49892444357754323
2025-03-31 16:00,2.468129200642682
2025-03-31 17:00,2.1519378192632255
2025-03-31 18:00,4.9651567778095345
2025-03-31 19:00,5.4672148602685215
2025-03-31 20:00,2.4429749352696875
2025-03-31 21:00,3.192194009825475
2025-03-31 22:00,5.335248856313073
2025-03-31 23:00,7.602444297926233
2025-04-01 00:00,5.164088125809252
2025-04-01 01:00,4.737000207937023
2025-04-01 02:00,5.207502379814127
2025-04-01 03:00,3.5560715245941634
2025-04-01 04:00,4.625652182991708
2025-04-01 05:00,7.95262663546396
2025-04-01 06:00,7.775791668088342
2025-04-01 07:00,3.436735357216316
2025-04-01 08:00,1.817323780905521
2025-04-01 09:00,1.3203196603830245
2025-04-01 10:00,1.247999968878924
2025-04-01 11:00,2.5368279534162053
2025-04-01 12:00,0.6702217411654344
2025-04-01 13:00,0.5876245188337702
2025-04-01 14:00,1.5120281303924439
2025-04-01 15:00,2.445129543958919
2025-04-01 16:00,4.91566620832067
2025-04-01 17:00,8.074987748071514
2025-04-01 18:00,4.7874038272506745
2025-04-01 19:00,5.973079417686292
2025-04-01 20:00,6.270328390873494
2025-04-01 21:00,2.933964996692615
2025-04-01 22:00,0.8975590793443742
2025-04-01 23:00,1.9772618652402905
2025-04-02 00:00,2.9441644598587176
2025-04-02 01:00,1.5726990132368963
2025-04-02 02:00,0.613844522866065
2025-04-02 03:00,1.6783180991961488
2025-04-02 04:00,1.7448634146480397
2025-04-02 05:00,2.5037247176178097
2025-04-02 06:00,4.828325850908685
2025-04-02 07:00,3.6924407974817837
2025-04-02 08:00,0.9569511180418798
2025-04-02 09:00,1.8396708380020237
2025-04-02 10:00,2.259923489253872
2025-04-02 11:00,0.7590399460609423
2025-04-02 12:00,1.6913661158125668
2025-04-02 13:00,2.783160310695997
2025-04-02 14:00,2.7500727589656777
2025-04-02 15:00,2.9644537946989438
2025-04-02 16:00,3.2686646721191392
2025-04-02 17:00,14.231383917171915
2025-04-02 18:00,19.55592659964824
2025-04-02 19:00,19.911684441883086
2025-04-02 20:00,17.04216123261654
2025-04-02 21:00,14.757614114896798
2025-04-02 22:00,10.62282248817016
2025-04-02 23:00,11.97316767093314
2025-04-03 00:00,7.298887641576937
2025-04-03 01:00,16.022102990642352
2025-04-03 02:00,16.50434340563228
2025-04-03 03:00,11.018553918297034
2025-04-03 04:00,7.322151830310791
2025-04-03 05:00,14.622655083835884
2025-04-03 06:00,21.046753634271965
2025-04-03 07:00,9.924405354746574
2025-04-03 08:00,7.727368827611415
2025-04-03 09:00,0.18248700866759776
2025-04-03 10:00,2.293261797233437
2025-04-03 11:00,1.8297166681516581
2025-04-03 12:00,0.8439042192548474
2025-04-03 13:00,0.2543464035969045
2025-04-03 14:00,1.945468279148817
2025-04-03 15:00,4.638502759442006
2025-04-03 16:00,7.370717156804164
2025-04-03 17:00,8.529473452421279
2025-04-03 18:00,7.130794489154998
2025-04-03 19:00,5.949985727404474
2025-04-03 20:00,3.8741750959988686
2025-04-03 21:00,3.62744762875954
2025-04-03 22:00,3.44763815819657
2025-04-03 23:00,1.1121318707207828
2025-04-04 00:00,2.549146050993344
2025-04-04 01:00,5.197035966922971
2025-04-04 02:00,4.708067481003733
2025-04-04 03:00,4.378331348681563
2025-04-04 04:00,3.0078651600174164
2025-04-04 05:00,2.438251558249961
2025-04-04 06:00,4.116841844972239
2025-04-04 07:00,1.1551016742675488
2025-04-04 08:00,0.0
2025-04-04 09:00,0.0
2025-04-04 10:00,0.9502548140262838
2025-04-04 11:00,5.7927640232568445
2025-04-04 12:00,1.8684894328188801
2025-04-04 13:00,1.225977989426772
2025-04-04 14:00,1.565983786933614
2025-04-04 15:00,1.2733083851788063
2025-04-04 16:00,2.646884054761019
2025-04-04 17:00,2.0827934027293047
2025-04-04 18:00,5.345501766495295
2025-04-04 19:00,1.4133845092242159
2025-04-04 20:00,1.1517855013504243
2025-04-04 21:00,0.5156451286016303
2025-04-04 22:00,1.5107733081709838
2025-04-04 23:00,1.6371135359325881
2025-04-05 00:00,1.502174983766542
2025-04-05 01:00,1.0011671263491875
2025-04-05 02:00,1.0211103081836532
2025-04-05 03:00,4.232628906788927
2025-04-05 04:00,0.389279235349098
2025-04-05 05:00,0.018712383679460837
2025-04-05 06:00,0.0
2025-04-05 07:00,4.126379447054306
2025-04-05 08:00,32.44129809315263
2025-04-05 09:00,17.47195079426759
2025-04-05 10:00,32.27815281950787
2025-04-05 11:00,16.290245996718962
2025-04-05 12:00,42.876056232994564
2025-04-05 13:00,38.54864040146448
2025-04-05 14:00,42.63016716306118
2025-04-05 15:00,32.75357034086743
2025-04-05 16:00,21.842985589486343
2025-04-05 17:00,23.286911609481276
2025-04-05 18:00,18.264713883335524
2025-04-05 19:00,18.751800669430878
2025-04-05 20:00,9.869575116880222
2025-04-05 21:00,11.580947788171608
2025-04-05 22:00,2.6714603633248837
2025-04-05 23:00,3.2289604546341404
2025-04-06 00:00,17.814585398513554
2025-04-06 01:00,18.67224913763879
2025-04-06 02:00,15.991976779112798
2025-04-06 03:00,13.192995264845063
2025-04-06 04:00,10.764934685464283
2025-04-06 05:00,6.037408719468758
2025-04-06 06:00,4.586375879154852
2025-04-06 07:00,5.176864500476375
2025-04-06 08:00,7.487392698677408
2025-04-06 09:00,4.806395802992832
2025-04-06 10:00,6.544093007429565
2025-04-06 11:00,4.292611598161156
2025-04-06 12:00,6.98101615925963
2025-04-06 13:00,8.257635587799342
2025-04-06 14:00,8.068087292815711
2025-04-06 15:00,8.543778866686827
2025-04-06 16:00,7.501214108623162
2025-04-06 17:00,4.70345811709015
2025-04-06 18:00,6.444611753784856
2025-04-06 19:00,12.957147531952701
2025-04-06 20:00,10.035397293720576
2025-04-06 21:00,6.808132180136337
2025-04-06 22:00,7.163855433941431
2025-04-06 23:00,7.928237942713839
2025-04-07 00:00,5.1260576405025216
2025-04-07 01:00,2.117758413969682
2025-04-07 02:00,4.650044535102891
2025-04-07 03:00,7.916301843367806
2025-04-07 04:00,3.7456420967433126
2025-04-07 05:00,2.7577462283167686
2025-04-07 06:00,3.4372769395943537
2025-04-07 07:00,3.034816413278885
2025-04-07 08:00,2.0709399334841687
2025-04-07 09:00,2.0971678921857606
2025-04-07 10:00,13.473353868424956
2025-04-07 11:00,15.799077908299193
2025-04-07 12:00,21.545245500914245
2025-04-07 13:00,37.931485391264765
2025-04-07 14:00,39.82959244938565
2025-04-07 15:00,39.30506508656018
2025-04-07 16:00,40.35932933924663
2025-04-07 17:00,37.94139895236087
2025-04-07 18:00,27.151851450519803
2025-04-07 19:00,28.758589168055092
2025-04-07 20:00,27.817253475987954
2025-04-07 21:00,31.022869503538665
2025-04-07 22:00,32.99263183837514
2025-04-07 23:00,35.706663763249175
2025-04-08 00:00,46.82978049490945
2025-04-08 01:00,52.46810380154127
2025-04-08 02:00,49.46824031491834
2025-04-08 03:00,41.18289844219608
2025-04-08 04:00,28.597470538391214
2025-04-08 05:00,30.04452393162125
2025-04-08 06:00,40.90023679747162
2025-04-08 07:00,39.4479082660287
2025-04-08 08:00,38.86542500934716
2025-04-08 09:00,35.84113486657418
2025-04-08 10:00,7.783128706278725
2025-04-08 11:00,1.393828628652454
2025-04-08 12:00,0.9612241275486249
2025-04-08 13:00,1.137362714785149
2025-04-08 14:00,9.069772592283789
2025-04-08 15:00,5.462854649896832
2025-04-08 16:00,5.382991356929246
2025-04-08 17:00,5.964744202692284
2025-04-08 18:00,4.866960817398361
2025-04-08 19:00,7.547467432677378
2025-04-08 20:00,6.64814588131823
2025-04-08 21:00,5.101685299338647
2025-04-08 22:00,2.288575997801427
2025-04-08 23:00,1.6900124876001574
2025-04-09 00:00,3.401764118121638
2025-04-09 01:00,0.45407437498850245
2025-04-09 02:00,2.044173234986878
2025-04-09 03:00,1.5442182166801188
2025-04-09 04:00,0.9277069512489534
2025-04-09 05:00,1.5833932554928998
2025-04-09 06:00,1.824387731679194
2025-04-09 07:00,0.9124656058292653
2025-04-09 08:00,1.918311444523033
2025-04-09 09:00,1.8302191558265175
2025-04-09 10:00,1.107829322151528
2025-04-09 11:00,1.3814941572269341
2025-04-09 12:00,0.23428583539403752
2025-04-09 13:00,2.4167367356827416
2025-04-09 14:00,2.2306919133922527
2025-04-09 15:00,7.147793395404495
2025-04-09 16:00,2.8537174447183737
2025-04-09 17:00,1.8436711869253697
2025-04-09 18:00,6.8815626203893485
2025-04-09 19:00,3.4419941037637116
2025-04-09 20:00,3.878404080460368
2025-04-09 21:00,3.1865058557547323
2025-04-09 22:00,3.9161545607659876
2025-04-09 23:00,5.625733835344867
2025-04-10 00:00,6.449978688607814
2025-04-10 01:00,1.2283867232868433
2025-04-10 02:00,2.640007835668326
2025-04-10 03:00,3.258945432406342
2025-04-10 04:00,6.830376112363453
2025-04-10 05:00,10.623501592865226
2025-04-10 06:00,8.369044972960554
2025-04-10 07:00,3.9299490188734145
2025-04-10 08:00,0.5237149037782048
2025-04-10 09:00,0.0
2025-04-10 10:00,0.0
2025-04-10 11:00,0.2501352112848362
2025-04-10 12:00,0.882161720065215
2025-04-10 13:00,0.0
2025-04-10 14:00,1.5677954885113476
2025-04-10 15:00,1.145050102891168
2025-04-10 16:00,2.598768347872974
2025-04-10 17:00,1.4695219384381468
2025-04-10 18:00,1.286758175041592
2025-04-10 19:00,0.8173480700161467
2025-04-10 20:00,1.7492817848150628
2025-04-10 21:00,2.246752126569644
2025-04-10 22:00,1.9129099673579333
2025-04-10 23:00,0.9114456832306566
2025-04-11 00:00,8.142680575377836
2025-04-11 01:00,7.464930618000848
2025-04-11 02:00,9.358102084072424
2025-04-11 03:00,5.701001720772637
2025-04-11 04:00,6.031615439954816
2025-04-11 05:00,5.01481900433954
2025-04-11 06:00,3.8025414029278513
2025-04-11 07:00,1.9638657790234935
2025-04-11 08:00,1.1517257893871802
2025-04-11 09:00,1.0497915177342674
2025-04-11 10:00,0.0
2025-04-11 11:00,1.4093068143605876
2025-04-11 12:00,0.5454765704149805
2025-04-11 13:00,0.5237625634848849
2025-04-11 14:00,1.3820331221844717
2025-04-11 15:00,1.9972261181323858
2025-04-11 16:00,2.955376596511343
2025-04-11 17:00,3.342131251316279
2025-04-11 18:00,3.335288714665885
2025-04-11 19:00,1.6659320238281525
2025-04-11 20:00,0.7914483550316717
2025-04-11 21:00,1.724787598932345
2025-04-11 22:00,4.6714988557925174
2025-04-11 23:00,2.0152633738896877
2025-04-12 00:00,2.714464953618487
2025-04-12 01:00,3.49047062157402
2025-04-12 02:00,6.243992107028072
2025-04-12 03:00,4.837872742895679
2025-04-12 04:00,11.435469388203439
2025-04-12 05:00,7.069427240665534
2025-04-12 06:00,11.049908842134242
2025-04-12 07:00,18.5085314725872
2025-04-12 08:00,21.5215272086976
2025-04-12 09:00,33.27922430277827
2025-04-12 10:00,29.438065199997684
2025-04-12 11:00,33.376453524264186
2025-04-12 12:00,32.35269748351128
2025-04-12 13:00,25.74716013013628
2025-04-12 14:00,26.994114997139825
2025-04-12 15:00,26.582018455980652
2025-04-12 16:00,29.11783632622847
2025-04-12 17:00,35.280768414269204
2025-04-12 18:00,48.21123191792999
2025-04-12 19:00,55.86235656115507
2025-04-12 20:00,58.354999052967486
2025-04-12 21:00,59.24651271526177
2025-04-12 22:00,57.49458401914215
2025-04-12 23:00,45.66075038609125
2025-04-13 00:00,43.28532929869351
2025-04-13 01:00,24.347417255081613
2025-04-13 02:00,12.742393907229289
2025-04-13 03:00,20.976624082397546
2025-04-13 04:00,28.55830270248489
2025-04-13 05:00,24.601019502370985
2025-04-13 06:00,43.83134596569715
2025-04-13 07:00,44.8738053065861
2025-04-13 08:00,35.97346336948869
2025-04-13 09:00,41.213653541438156
2025-04-13 10:00,29.750959295152644
2025-04-13 11:00,29.235965177711076
2025-04-13 12:00,33.47019085063423
2025-04-13 13:00,32.973697605641576
2025-04-13 14:00,32.00642035691237
2025-04-13 15:00,25.213188786857753
2025-04-13 16:00,22.537862350753013
2025-04-13 17:00,25.310913638551572
2025-04-13 18:00,15.461272353797177
2025-04-13 19:00,25.07761738690613
2025-04-13 20:00,31.67810296068785
2025-04-13 21:00,25.912289115600085
2025-04-13 22:00,26.211151435800755
2025-04-13 23:00,28.719633731202062
2025-04-14 00:00,40.72416273594922
2025-04-14 01:00,46.91108236484697
2025-04-14 02:00,49.62473911156143
2025-04-14 03:00,52.100114695112694
2025-04-14 04:00,51.39093031589266
2025-04-14 05:00,46.080703883027596
2025-04-14 06:00,42.33377842473075
2025-04-14 07:00,30.903751195767995
2025-04-14 08:00,42.740280696181195
2025-04-14 09:00,33.998908109270154
2025-04-14 10:00,24.55684977366259
2025-04-14 11:00,12.798189882913109
2025-04-14 12:00,31.89866486487765
2025-04-14 13:00,26.15259948347558
2025-04-14 14:00,18.694807088796697
2025-04-14 15:00,34.369996312526496
2025-04-14 16:00,42.23991555190299
2025-04-14 17:00,37.73201036139101
2025-04-14 18:00,34.92528065334841
2025-04-14 19:00,19.473766964756106
2025-04-14 20:00,50.84055619503763
2025-04-14 21:00,47.11934286707574
2025-04-14 22:00,40.10129104476755
2025-04-14 23:00,29.876137998293622
2025-04-15 00:00,35.21908006184301
2025-04-15 01:00,35.107881709474796
2025-04-15 02:00,37.106289196285886
2025-04-15 03:00,35.30661632540349
2025-04-15 04:00,37.517516690000114
2025-04-15 05:00,35.565564808685835
2025-04-15 06:00,32.389576223618306
2025-04-15 07:00,26.625111854751246
2025-04-15 08:00,26.996854531249888
2025-04-15 09:00,26.78614878196516
2025-04-15 10:00,14.858736463660897
2025-04-15 11:00,11.196306775013248
2025-04-15 12:00,9.0897290273841
2025-04-15 13:00,9.232606191093392
2025-04-15 14:00,7.263368744058895
2025-04-15 15:00,7.245051567877963
2025-04-15 16:00,6.1659323810097915
2025-04-15 17:00,6.361668287050222
2025-04-15 18:00,8.601406093136735
2025-04-15 19:00,11.899360561100105
2025-04-15 20:00,12.068907029814781
2025-04-15 21:00,16.197456882673578
2025-04-15 22:00,14.029668413737985
2025-04-15 23:00,12.78396165592078
2025-04-16 00:00,10.420982297439354
2025-04-16 01:00,7.959423256377411
2025-04-16 02:00,4.035527178377294
2025-04-16 03:00,5.510521659188773
2025-04-16 04:00,7.918785044365898
2025-04-16 05:00,17.140529144427127
2025-04-16 06:00,9.547174586618207
2025-04-16 07:00,7.702573458910159
2025-04-16 08:00,5.138046454960775
2025-04-16 09:00,11.575221961524745
2025-04-16 10:00,24.525825718112518
2025-04-16 11:00,23.470337115261184
2025-04-16 12:00,29.679432477906712
2025-04-16 13:00,31.748386097887252
2025-04-16 14:00,34.259699388551034
2025-04-16 15:00,34.94543210426829
2025-04-16 16:00,40.195362675812234
2025-04-16 17:00,32.6617024458534
2025-04-16 18:00,28.886495621174685
2025-04-16 19:00,36.50301460244246
2025-04-16 20:00,38.54275669060379
2025-04-16 21:00,45.1848127258211
2025-04-16 22:00,46.7159974081108
2025-04-16 23:00,48.099857672190396
2025-04-17 00:00,49.4203459157963
2025-04-17 01:00,48.25456898924284
2025-04-17 02:00,49.626477966092075
2025-04-17 03:00,50.401957510104495
2025-04-17 04:00,51.81444299591306
2025-04-17 05:00,51.397857663327954
2025-04-17 06:00,52.593834706960095
2025-04-17 07:00,53.80966387536187
2025-04-17 08:00,52.657088365754326
2025-04-17 09:00,53.827744556720084
2025-04-17 10:00,48.02261511052303
2025-04-17 11:00,45.25001644861809
2025-04-17 12:00,42.52666186450065
2025-04-17 13:00,39.2586080702819
2025-04-17 14:00,39.9835662487458
2025-04-17 15:00,34.285252550391924
2025-04-17 16:00,35.26071220691511
2025-04-17 17:00,31.257850665400692
2025-04-17 18:00,31.709496933978844
2025-04-17 19:00,32.75727894782617
2025-04-17 20:00,36.4541131686472
2025-04-17 21:00,25.63008913389455
2025-04-17 22:00,33.00353935367205
2025-04-17 23:00,36.20269898714818
2025-04-18 00:00,19.790536609221146
2025-04-18 01:00,34.499242695008256
2025-04-18 02:00,42.68413022723789
2025-04-18 03:00,42.7801854336421
2025-04-18 04:00,43.10527046081462
2025-04-18 05:00,40.03929740326584
2025-04-18 06:00,39.212422748470345
2025-04-18 07:00,33.10794656001128
2025-04-18 08:00,34.66875040256212
2025-04-18 09:00,33.083538588190684
2025-04-18 10:00,29.024110101553827
2025-04-18 11:00,19.73832191934385
2025-04-18 12:00,11.755291336057484
2025-04-18 13:00,12.052495357302345
2025-04-18 14:00,9.615942725817064
2025-04-18 15:00,11.852121321786615
2025-04-18 16:00,16.621032411550953
2025-04-18 17:00,15.921363841990736
2025-04-18 18:00,14.317195559028733
2025-04-18 19:00,5.596536821955107
2025-04-18 20:00,10.96617780152139
2025-04-18 21:00,24.430545798722907
2025-04-18 22:00,26.56492442193095
2025-04-18 23:00,29.47770653691448
2025-04-19 00:00,19.722547369639024
2025-04-19 01:00,16.91650731590588
2025-04-19 02:00,25.065965098811578
2025-04-19 03:00,26.25598698733835
2025-04-19 04:00,26.290205742355745
2025-04-19 05:00,19.260593102616447
2025-04-19 06:00,24.71231835031345
2025-04-19 07:00,33.40516997592256
2025-04-19 08:00,33.4677374144563
2025-04-19 09:00,28.282918467416774
2025-04-19 10:00,26.778972267227903
2025-04-19 11:00,33.174411874484015
2025-04-19 12:00,40.105085091026645
2025-04-19 13:00,38.77116082265546
2025-04-19 14:00,38.20517238766079
2025-04-19 15:00,33.714934320485426
2025-04-19 16:00,43.330104114745744
2025-04-19 17:00,41.86719611214427
2025-04-19 18:00,44.42672948402814
2025-04-19 19:00,32.916850535275536
2025-04-19 20:00,23.516004827356287
2025-04-19 21:00,3.2708781227976105
2025-04-19 22:00,4.800773769421062
2025-04-19 23:00,6.565293529285067
2025-04-20 00:00,5.9137941994032355
2025-04-20 01:00,2.3413417708117765
2025-04-20 02:00,8.04247051051034
2025-04-20 03:00,7.127213807580775
2025-04-20 04:00,7.377005418137575
2025-04-20 05:00,6.216830241234519
2025-04-20 06:00,6.565653851150702
2025-04-20 07:00,6.003441896811071
2025-04-20 08:00,6.613062179658457
2025-04-20 09:00,6.280946234156662
2025-04-20 10:00,1.8474577118919737
2025-04-20 11:00,3.030154358059475
2025-04-20 12:00,2.388508295607637
2025-04-20 13:00,0.0
2025-04-20 14:00,0.0
2025-04-20 15:00,2.3273775331369073
2025-04-20 16:00,1.2531738168056952
2025-04-20 17:00,1.3983574936195229
2025-04-20 18:00,0.0
2025-04-20 19:00,0.42915713488958435
2025-04-20 20:00,1.5803799201308446
2025-04-20 21:00,0.6592700471937814
2025-04-20 22:00,1.496740219602449
2025-04-20 23:00,1.028456158874585
2025-04-21 00:00,0.0
2025-04-21 01:00,1.5279357583074367
2025-04-21 02:00,2.9391776406730177
2025-04-21 03:00,3.0635301050654307
2025-04-21 04:00,1.7435761221194759
2025-04-21 05:00,0.6371552233189064
2025-04-21 06:00,3.7823436328672626
2025-04-21 07:00,1.7198715779757663
2025-04-21 08:00,1.5773117029406984
2025-04-21 09:00,0.21585298697655048
2025-04-21 10:00,3.8625951231575644
2025-04-21 11:00,4.253001479682668
2025-04-21 12:00,6.555773836053662
2025-04-21 13:00,7.785912657445335
2025-04-21 14:00,3.1494403707042724
2025-04-21 15:00,1.6294891739725916
2025-04-21 16:00,2.094864495390749
2025-04-21 17:00,2.8060244027188337
2025-04-21 18:00,2.1619471587725054
2025-04-21 19:00,1.5640998515106475
2025-04-21 20:00,1.7547288737342672
2025-04-21 21:00,1.9057752836117965
2025-04-21 22:00,0.2984015249674758
2025-04-21 23:00,1.4658147810025988
2025-04-22 00:00,0.0
2025-04-22 01:00,3.7201905750563244
2025-04-22 02:00,1.750331568775752
2025-04-22 03:00,0.48986501053503045
2025-04-22 04:00,9.229254610629802
2025-04-22 05:00,7.643396353494584
2025-04-22 06:00,4.286322155363617
2025-04-22 07:00,19.724395200541814
2025-04-22 08:00,12.881598875553909
2025-04-22 09:00,28.464785855715554
2025-04-22 10:00,35.62431854774186
2025-04-22 11:00,31.147925613044993
2025-04-22 12:00,34.19042762168939
2025-04-22 13:00,27.174550417665493
2025-04-22 14:00,32.18282880344521
2025-04-22 15:00,36.755213922513896
2025-04-22 16:00,47.28207405718287
2025-04-22 17:00,53.328704235054445
2025-04-22 18:00,48.63685354583223
2025-04-22 19:00,38.39688128632763
2025-04-22 20:00,14.584766043942341
2025-04-22 21:00,5.612025649819366
2025-04-22 22:00,6.54381703910744
2025-04-22 23:00,6.8006603142981294
2025-04-23 00:00,11.310721861539472
2025-04-23 01:00,13.453345262415217
2025-04-23 02:00,14.529069359974777
2025-04-23 03:00,13.517873622674177
2025-04-23 04:00,13.035554869005457
2025-04-23 05:00,16.276403384158275
2025-04-23 06:00,15.309284620851171
2025-04-23 07:00,10.76003706998958
2025-04-23 08:00,5.251063532046324
2025-04-23 09:00,5.2864985367865085
2025-04-23 10:00,3.151595406797523
2025-04-23 11:00,1.660589120511673
2025-04-23 12:00,0.23083128752676957
2025-04-23 13:00,1.5160920969956997
2025-04-23 14:00,0.9013580612108277
2025-04-23 15:00,0.8522183798935992
2025-04-23 16:00,2.4114265929156957
2025-04-23 17:00,1.1817292245728797
2025-04-23 18:00,0.11941638818105296
2025-04-23 19:00,0.8774103397256772
2025-04-23 20:00,1.2452585586409943
2025-04-23 21:00,1.6854302161108865
2025-04-23 22:00,3.0612147708712167
2025-04-23 23:00,3.2988816148296443
2025-04-24 00:00,2.268923113022136
2025-04-24 01:00,0.7422917468741087
2025-04-24 02:00,2.937054915921419
2025-04-24 03:00,3.516050658302028
2025-04-24 04:00,1.49095274451074
2025-04-24 05:00,3.431294002168346
2025-04-24 06:00,3.1691211556933236
2025-04-24 07:00,0.6869804170810085
2025-04-24 08:00,0.57003049080255
2025-04-24 09:00,1.4688035343936345
2025-04-24 10:00,4.038492385120612
2025-04-24 11:00,4.233235260343445
2025-04-24 12:00,3.5838494448281315
2025-04-24 13:00,5.323193962691376
2025-04-24 14:00,5.03387982833016
2025-04-24 15:00,1.9341960999679384
2025-04-24 16:00,0.43050180127567317
2025-04-24 17:00,1.3540565159048463
2025-04-24 18:00,10.635620605555825
2025-04-24 19:00,18.29489445222409
2025-04-24 20:00,17.902270509968115
2025-04-24 21:00,17.29409067156977
2025-04-24 22:00,12.06841914785469
2025-04-24 23:00,13.231278834497225
2025-04-25 00:00,29.44909558511724
2025-04-25 01:00,19.38805985814016
2025-04-25 02:00,17.714218138260076
2025-04-25 03:00,17.98289513064205
2025-04-25 04:00,18.155438642843162
2025-04-25 05:00,21.816061749640465
2025-04-25 06:00,20.144609456698305
2025-04-25 07:00,12.603073766348224
2025-04-25 08:00,12.137733946869247
2025-04-25 09:00,2.3027689148530848
2025-04-25 10:00,1.8494595855103007
2025-04-25 11:00,2.885741891803267
2025-04-25 12:00,5.03044092434543
2025-04-25 13:00,9.768650596632702
2025-04-25 14:00,6.204331797486505
2025-04-25 15:00,9.037822636684524
2025-04-25 16:00,7.851641698540051
2025-04-25 17:00,6.759462310076217
2025-04-25 18:00,6.97712903232645
2025-04-25 19:00,9.379047554586514
2025-04-25 20:00,6.213963357609198
2025-04-25 21:00,7.36647634026815
2025-04-25 22:00,5.2882497868603675
2025-04-25 23:00,8.50968888929252
2025-04-26 00:00,6.200450328664049
2025-04-26 01:00,5.684784366707659
2025-04-26 02:00,7.144966018206339
2025-04-26 03:00,4.545944315890387
2025-04-26 04:00,1.7872402644574377
2025-04-26 05:00,2.9908547686950313
2025-04-26 06:00,2.236457954847623
2025-04-26 07:00,1.6384299806899978
2025-04-26 08:00,3.300948669908713
2025-04-26 09:00,1.3623184126868448
2025-04-26 10:00,3.077981972591976
2025-04-26 11:00,6.50839809232787
2025-04-26 12:00,8.375944380536762
2025-04-26 13:00,10.148188823182336
2025-04-26 14:00,17.070020519837787
2025-04-26 15:00,18.8872742863627
2025-04-26 16:00,21.27833932113275
2025-04-26 17:00,18.388642327426723
2025-04-26 18:00,14.397899761190592
2025-04-26 19:00,19.142309029083552
2025-04-26 20:00,24.928330498733306
2025-04-26 21:00,27.054045092613578
2025-04-26 22:00,27.67517012724479
2025-04-26 23:00,27.306589385698842
2025-04-27 00:00,26.553128326553225
2025-04-27 01:00,6.878558826444928
2025-04-27 02:00,5.318208049255882
2025-04-27 03:00,25.874437104260537
2025-04-27 04:00,24.45642037881362
2025-04-27 05:00,23.50592314846303
2025-04-27 06:00,23.618566128278808
2025-04-27 07:00,19.119020892072108
2025-04-27 08:00,20.906516550271085
2025-04-27 09:00,9.6595438804523
2025-04-27 10:00,9.358291820006338
2025-04-27 11:00,3.519513659323796
2025-04-27 12:00,8.592369217508816
2025-04-27 13:00,5.949605658029141
2025-04-27 14:00,6.7205885092202475
2025-04-27 15:00,4.849945734363004
2025-04-27 16:00,4.378958802420621
2025-04-27 17:00,2.5977635213321717
2025-04-27 18:00,3.6245431094070155
2025-04-27 19:00,6.459886718516477
2025-04-27 20:00,8.689508295537625
2025-04-27 21:00,15.679168882397777
2025-04-27 22:00,21.17255834588876
2025-04-27 23:00,6.903499762221826
2025-04-28 00:00,8.611142616383889
2025-04-28 01:00,8.886188549004878
2025-04-28 02:00,4.698152568197263
2025-04-28 03:00,7.285368796525036
2025-04-28 04:00,9.761973908031717
2025-04-28 05:00,2.2209886708329556
2025-04-28 06:00,9.264439814747448
2025-04-28 07:00,2.1067619268862288
2025-04-28 08:00,2.242646676559202
2025-04-28 09:00,1.0764389105693193
2025-04-28 10:00,0.42996455385797483
2025-04-28 11:00,2.4848357270457524
2025-04-28 12:00,4.659259590044389
2025-04-28 13:00,9.30523644645171
2025-04-28 14:00,11.123806858615378
2025-04-28 15:00,11.859373849547797
2025-04-28 16:00,17.68047795320136
2025-04-28 17:00,19.432384069975125
2025-04-28 18:00,18.82827352816427
2025-04-28 19:00,12.246309864668923
2025-04-28 20:00,10.404601716527946
2025-04-28 21:00,8.849355728191576
2025-04-28 22:00,6.412204008654134
2025-04-28 23:00,8.215133164371714
2025-04-29 00:00,11.487057027610536
2025-04-29 01:00,10.83039093188149
2025-04-29 02:00,7.463222082673636
2025-04-29 03:00,7.70686483558895
2025-04-29 04:00,9.10550755978398
2025-04-29 05:00,8.16949313213715
2025-04-29 06:00,6.667143699955793
2025-04-29 07:00,5.044397147075256
2025-04-29 08:00,2.2169449354186876
2025-04-29 09:00,1.9398625381912507
2025-04-29 10:00,0.6807604096072711
2025-04-29 11:00,1.2970073419638328
2025-04-29 12:00,0.8961243925326579
2025-04-29 13:00,1.8709970457714002
2025-04-29 14:00,2.7191572757818183
2025-04-29 15:00,3.0617891097081493
2025-04-29 16:00,2.049911560697961
2025-04-29 17:00,2.8785361555232702
2025-04-29 18:00,10.456172213690092
2025-04-29 19:00,17.736535526986522
2025-04-29 20:00,21.324700315425705
2025-04-29 21:00,26.403081353428913
2025-04-29 22:00,28.933562255638474
2025-04-29 23:00,27.36868537519158
2025-04-30 00:00,14.24837754712283
2025-04-30 01:00,17.615536559051623
2025-04-30 02:00,16.973013888217576
2025-04-30 03:00,12.857247423983864
2025-04-30 04:00,16.479661708297012
2025-04-30 05:00,15.23784349941301
2025-04-30 06:00,13.886596292914465
2025-04-30 07:00,12.03592106631067
2025-04-30 08:00,12.333111874570914
2025-04-30 09:00,13.254943934331271
2025-04-30 10:00,20.372786991200744
2025-04-30 11:00,18.231120655663123
2025-04-30 12:00,20.678722868736894
2025-04-30 13:00,34.562384340918186
2025-04-30 14:00,31.47304207962527
2025-04-30 15:00,33.11384103285655
2025-04-30 16:00,29.842525808393166
2025-04-30 17:00,21.51163465733396
2025-04-30 18:00,24.018871161358117
2025-04-30 19:00,23.9330273501059
2025-04-30 20:00,28.137279775835356
2025-04-30 21:00,30.761460374649182
2025-04-30 22:00,30.057006866936323
2025-04-30 23:00,28.79073564131689
2025-05-01 00:00,25.43531783627917
2025-05-01 01:00,39.82312681802562
2025-05-01 02:00,36.44801360605998
2025-05-01 03:00,29.786032815289968
2025-05-01 04:00,28.308596563899624
2025-05-01 05:00,37.291376967220636
2025-05-01 06:00,37.866377807541404
2025-05-01 07:00,45.122711986116414
2025-05-01 08:00,55.5532745522526
2025-05-01 09:00,54.76989438536759
2025-05-01 10:00,50.98915863070572
2025-05-01 11:00,47.52641031536364
2025-05-01 12:00,40.9428901274256
2025-05-01 13:00,35.25393673250138
2025-05-01 14:00,17.137213267696435
2025-05-01 15:00,11.076220543086114
2025-05-01 16:00,21.839492973962113
2025-05-01 17:00,15.445042898227504
2025-05-01 18:00,10.073594842962295
2025-05-01 19:00,2.4819872743227624
2025-05-01 20:00,5.858113007490373
2025-05-01 21:00,8.808676538762118
2025-05-01 22:00,8.213264381982832
2025-05-01 23:00,7.148086069339992
2025-05-02 00:00,21.81923211170052
2025-05-02 01:00,22.399516850689842
2025-05-02 02:00,25.947244963382914
2025-05-02 03:00,35.078836367757035
2025-05-02 04:00,34.45114736224606
2025-05-02 05:00,27.05873334653825
2025-05-02 06:00,26.188843014412807
2025-05-02 07:00,32.53022217938026
2025-05-02 08:00,29.66530178449661
2025-05-02 09:00,24.352924562724773
2025-05-02 10:00,20.143747753208856
2025-05-02 11:00,10.707028942715404
2025-05-02 12:00,13.669799557170723
2025-05-02 13:00,5.538453089009515
2025-05-02 14:00,5.630306627378741
2025-05-02 15:00,4.987936827721627
2025-05-02 16:00,5.559723060195779
2025-05-02 17:00,3.152366817672755
2025-05-02 18:00,2.4729497066586674
2025-05-02 19:00,7.269002070761276
2025-05-02 20:00,5.798729178139051
2025-05-02 21:00,1.5384802797210884
2025-05-02 22:00,1.8279785698527258
2025-05-02 23:00,1.7993685898970988
2025-05-03 00:00,2.326074558919277
2025-05-03 01:00,1.480744685589676
2025-05-03 02:00,3.5568267047183175
2025-05-03 03:00,7.517105873898936
2025-05-03 04:00,5.453175030161098
2025-05-03 05:00,5.6138738401850645
2025-05-03 06:00,9.927151997433485
2025-05-03 07:00,13.694751323073314
2025-05-03 08:00,9.675566349473021
2025-05-03 09:00,16.07797591100267
2025-05-03 10:00,7.999657591172832
2025-05-03 11:00,8.639227912634382
2025-05-03 12:00,7.40367641483427
2025-05-03 13:00,13.92450143646773
2025-05-03 14:00,8.16926263884959
2025-05-03 15:00,10.502976841746381
2025-05-03 16:00,20.019468291811183
2025-05-03 17:00,21.24458867720897
2025-05-03 18:00,22.333596317638985
2025-05-03 19:00,17.11709268324607
2025-05-03 20:00,11.349630287799432
2025-05-03 21:00,12.023723527011377
2025-05-03 22:00,13.484078854185256
2025-05-03 23:00,10.373841079401235
2025-05-04 00:00,7.104429945199442
2025-05-04 01:00,13.27412964034029
2025-05-04 02:00,15.89327846308326
2025-05-04 03:00,19.986269353607607
2025-05-04 04:00,18.578265169040876
2025-05-04 05:00,18.356215895837984
2025-05-04 06:00,14.154379868466147
2025-05-04 07:00,7.939017204871354
2025-05-04 08:00,10.156509076803486
2025-05-04 09:00,1.5656899125871817
2025-05-04 10:00,0.40183092434852696
2025-05-04 11:00,1.2147973375986412
2025-05-04 12:00,2.651714245569327
2025-05-04 13:00,7.38964683295235
2025-05-04 14:00,6.95568622648284
2025-05-04 15:00,4.421242947667867
2025-05-04 16:00,5.99375042231255
2025-05-04 17:00,5.4878925581932805
2025-05-04 18:00,2.23994959710634
2025-05-04 19:00,5.082022386713829
2025-05-04 20:00,9.157868465801482
2025-05-04 21:00,6.222946250894681
2025-05-04 22:00,6.360275755416911
2025-05-04 23:00,3.3931716201475126
2025-05-05 00:00,7.65442272060949
2025-05-05 01:00,5.795714845674317
2025-05-05 02:00,1.3320189613119264
2025-05-05 03:00,0.8148322302531288
2025-05-05 04:00,0.7576548621572353
2025-05-05 05:00,4.861340513408641
2025-05-05 06:00,1.9479296798866372
2025-05-05 07:00,3.209149653472867
2025-05-05 08:00,2.1912324632415934
2025-05-05 09:00,1.126741437776176
2025-05-05 10:00,0.8029610902199124
2025-05-05 11:00,0.6013784293331321
2025-05-05 12:00,0.6012259947198826
2025-05-05 13:00,0.6358501106376067
2025-05-05 14:00,1.104122623059626
2025-05-05 15:00,1.1388589602158625
2025-05-05 16:00,2.0687624035274266
2025-05-05 17:00,3.5453186268440597
2025-05-05 18:00,3.259459723710321
2025-05-05 19:00,10.82328540441897
2025-05-05 20:00,10.66848906312807
2025-05-05 21:00,2.6676531332099196
2025-05-05 22:00,10.823655400463538
2025-05-05 23:00,8.800047773887913
2025-05-06 00:00,3.680784258819496
2025-05-06 01:00,1.8573170241532768
2025-05-06 02:00,4.450839800886774
2025-05-06 03:00,4.6394065010627
2025-05-06 04:00,6.244571187559153
2025-05-06 05:00,12.632826715007974
2025-05-06 06:00,13.520538223852878
2025-05-06 07:00,7.816975414538947
2025-05-06 08:00,3.2140449791750103
2025-05-06 09:00,0.9556404085790948
2025-05-06 10:00,1.9626988639833325
2025-05-06 11:00,0.7860216111806985
2025-05-06 12:00,0.8782580807586301
2025-05-06 13:00,0.7949490683068526
2025-05-06 14:00,1.8526437555235007
2025-05-06 15:00,1.877818217972132
2025-05-06 16:00,3.677822666690289
2025-05-06 17:00,2.8687770546808227
2025-05-06 18:00,0.0
2025-05-06 19:00,0.14557159414534324
2025-05-06 20:00,1.8796069733983987
2025-05-06 21:00,2.7485417764674467
2025-05-06 22:00,4.652857653427299
2025-05-06 23:00,5.584984160740531
2025-05-07 00:00,3.007088589830998
2025-05-07 01:00,9.305513707631329
2025-05-07 02:00,9.274187630936257
2025-05-07 03:00,4.5570685462148
2025-05-07 04:00,2.797278986299785
2025-05-07 05:00,5.53035597189098
2025-05-07 06:00,3.3488170633223535
2025-05-07 07:00,1.2304754374393172
2025-05-07 08:00,1.8449354223052614
2025-05-07 09:00,1.094198385145976
2025-05-07 10:00,0.6002539655446656
2025-05-07 11:00,0.5228088137710898
2025-05-07 12:00,0.0
2025-05-07 13:00,0.4208005145158516
2025-05-07 14:00,2.240004832150606
2025-05-07 15:00,3.57786490830372
2025-05-07 16:00,3.3043293816076895
2025-05-07 17:00,3.3374268114055834
2025-05-07 18:00,2.4983001444026924
2025-05-07 19:00,1.2316663199854323
2025-05-07 20:00,0.9279733637984716
2025-05-07 21:00,1.0515125991735503
2025-05-07 22:00,1.0830212212218904
2025-05-07 23:00,1.2950272215282184
2025-05-08 00:00,1.913705194718515
2025-05-08 01:00,2.596413164163882
2025-05-08 02:00,4.7846064499035865
2025-05-08 03:00,2.003301517087378
2025-05-08 04:00,1.6512880274707993
2025-05-08 05:00,1.9390097553756709
2025-05-08 06:00,2.422329720918065
2025-05-08 07:00,0.9629571611049841
2025-05-08 08:00,1.43294644722469
2025-05-08 09:00,0.4892744201215724
2025-05-08 10:00,0.6799146310445645
2025-05-08 11:00,0.7107147345961758
2025-05-08 12:00,1.9959412163653323
2025-05-08 13:00,5.425021006477625
2025-05-08 14:00,1.2089537053738748
2025-05-08 15:00,1.4228273944188605
2025-05-08 16:00,1.9145304014536535
2025-05-08 17:00,0.48106844564541945
2025-05-08 18:00,3.3039510501053533
2025-05-08 19:00,0.7663837353597431
2025-05-08 20:00,1.3752008005188774
2025-05-08 21:00,1.6384362063874511
2025-05-08 22:00,0.5630998714261085
2025-05-08 23:00,1.44244879664364
2025-05-09 00:00,4.166649464494176
2025-05-09 01:00,2.6656334046062167
2025-05-09 02:00,2.733355821409858
2025-05-09 03:00,4.770342992824281
2025-05-09 04:00,3.394516271403299
2025-05-09 05:00,7.8325438702513095
2025-05-09 06:00,12.074525174203073
2025-05-09 07:00,5.609610422583494
2025-05-09 08:00,13.729677737006762
2025-05-09 09:00,16.632353451428724
2025-05-09 10:00,14.032800949715734
2025-05-09 11:00,20.020009352361523
2025-05-09 12:00,27.13200817579222
2025-05-09 13:00,48.75590333823727
2025-05-09 14:00,48.17681385272282
2025-05-09 15:00,49.197068167524954
2025-05-09 16:00,51.51644528460263
2025-05-09 17:00,47.96984065418937
2025-05-09 18:00,49.628914947509635
2025-05-09 19:00,49.615066717041984
2025-05-09 20:00,51.175249162981025
2025-05-09 21:00,52.563947184368196
2025-05-09 22:00,51.48788168488962
2025-05-09 23:00,52.27541522389833
2025-05-10 00:00,51.07608306742257
2025-05-10 01:00,44.76660529764858
2025-05-10 02:00,37.29108054957276
2025-05-10 03:00,34.615966620801686
2025-05-10 04:00,32.26716304836356
2025-05-10 05:00,31.813599417566994
2025-05-10 06:00,26.948010529747012
2025-05-10 07:00,29.03584434187564
2025-05-10 08:00,32.35835193100527
2025-05-10 09:00,30.535934703919995
2025-05-10 10:00,35.16664859117821
2025-05-10 11:00,38.07257408985053
2025-05-10 12:00,39.66716684227359
2025-05-10 13:00,39.83634042328961
2025-05-10 14:00,36.32587140688984
2025-05-10 15:00,37.234826043722116
2025-05-10 16:00,30.73365907242007
2025-05-10 17:00,26.82372788592777
2025-05-10 18:00,20.583883926592282
2025-05-10 19:00,17.16077395095394
2025-05-10 20:00,29.928733093375744
2025-05-10 21:00,23.419197635257103
2025-05-10 22:00,17.948837000926464
2025-05-10 23:00,11.259010948907033
2025-05-11 00:00,21.549937801541823
2025-05-11 01:00,17.406497852364694
2025-05-11 02:00,13.479309841316438
2025-05-11 03:00,12.62073336354851
2025-05-11 04:00,7.737995726739162
2025-05-11 05:00,3.890861961697172
2025-05-11 06:00,6.304700065420155
2025-05-11 07:00,6.003783397534937
2025-05-11 08:00,2.990708985939214
2025-05-11 09:00,2.243522840129753
2025-05-11 10:00,1.1605892066727044
2025-05-11 11:00,0.9702796222610327
2025-05-11 12:00,2.0948319928652595
2025-05-11 13:00,2.653372448475422
2025-05-11 14:00,4.089024494716402
2025-05-11 15:00,3.86570422362616
2025-05-11 16:00,3.8587932402228446
2025-05-11 17:00,2.6331995313738688
2025-05-11 18:00,6.4341700709579115
2025-05-11 19:00,4.517846400918454
2025-05-11 20:00,3.6403293355615975
2025-05-11 21:00,15.101709395812644
2025-05-11 22:00,10.031716405106847
2025-05-11 23:00,15.659487971672258
2025-05-12 00:00,12.47043523096993
2025-05-12 01:00,12.834015515856143
2025-05-12 02:00,17.307161595664642
2025-05-12 03:00,14.969301734321556
2025-05-12 04:00,11.771614401575835
2025-05-12 05:00,12.551811551283894
2025-05-12 06:00,16.929902938444332
2025-05-12 07:00,8.306314742575763
2025-05-12 08:00,11.442900526734812
2025-05-12 09:00,5.583878845711936
2025-05-12 10:00,4.124736371654492
2025-05-12 11:00,7.929375411633724
2025-05-12 12:00,11.295083489630876
2025-05-12 13:00,13.138340643678744
2025-05-12 14:00,12.607920101945062
2025-05-12 15:00,12.728936265962854
2025-05-12 16:00,15.351160530158788
2025-05-12 17:00,18.083304965709576
2025-05-12 18:00,20.14007597866102
2025-05-12 19:00,15.396634847091965
2025-05-12 20:00,20.419698095960126
2025-05-12 21:00,25.464109636303558
2025-05-12 22:00,27.757370521133563
2025-05-12 23:00,22.45718823586574
2025-05-13 00:00,17.995113449439756
2025-05-13 01:00,14.620987766827675
2025-05-13 02:00,17.024656207618712
2025-05-13 03:00,14.217041564820455
2025-05-13 04:00,13.648440230295165
2025-05-13 05:00,15.898203551626667
2025-05-13 06:00,14.137025695658469
2025-05-13 07:00,9.859806994099442
2025-05-13 08:00,18.780089715666332
2025-05-13 09:00,15.945076668888285
2025-05-13 10:00,13.386176614779723
2025-05-13 11:00,17.987951976532987
2025-05-13 12:00,18.26155142832037
2025-05-13 13:00,17.464729811819684
2025-05-13 14:00,16.930730775756405
2025-05-13 15:00,13.823468506333523
2025-05-13 16:00,15.787016873348486
2025-05-13 17:00,16.533949545382818
2025-05-13 18:00,13.051778802664103
2025-05-13 19:00,12.46514744993662
2025-05-13 20:00,14.833507023964371
2025-05-13 21:00,8.8346894391251
2025-05-13 22:00,6.55319538154856
2025-05-13 23:00,2.188799151262908
2025-05-14 00:00,15.792011857410364
2025-05-14 01:00,5.634088665052842
2025-05-14 02:00,3.925250986739543
2025-05-14 03:00,3.1346590017789837
2025-05-14 04:00,5.218676687984703
2025-05-14 05:00,5.010126160817282
2025-05-14 06:00,2.532079324971309
2025-05-14 07:00,2.6408822151564078
2025-05-14 08:00,0.7747986422181419
2025-05-14 09:00,1.4421606330579566
2025-05-14 10:00,1.565105003742758
2025-05-14 11:00,2.5056320708673123
2025-05-14 12:00,9.463007711361513
2025-05-14 13:00,14.422347782640383
2025-05-14 14:00,10.863672395642693
2025-05-14 15:00,21.481458637053752
2025-05-14 16:00,23.402256031706667
2025-05-14 17:00,21.256205485191717
2025-05-14 18:00,19.31445830980717
2025-05-14 19:00,18.584630032433232
2025-05-14 20:00,20.945574338907694
2025-05-14 21:00,12.303417830228176
2025-05-14 22:00,21.691358520469088
2025-05-14 23:00,24.524827026798214
2025-05-15 00:00,24.299079372880758
2025-05-15 01:00,23.450135601565993
2025-05-15 02:00,35.95821210319059
2025-05-15 03:00,40.278498370219005
2025-05-15 04:00,38.9956218572652
2025-05-15 05:00,20.811945085570198
2025-05-15 06:00,42.121269993109046
2025-05-15 07:00,35.75975784330727
2025-05-15 08:00,30.35686983520907
2025-05-15 09:00,30.193553800087596
2025-05-15 10:00,31.045155370851628
2025-05-15 11:00,24.12596371919224
2025-05-15 12:00,19.446440797240573
2025-05-15 13:00,19.278176671461747
2025-05-15 14:00,16.40116862422008
2025-05-15 15:00,21.039570165504625
2025-05-15 16:00,19.976950401011667
2025-05-15 17:00,25.416141964855758
2025-05-15 18:00,27.911102073952673
2025-05-15 19:00,25.241691978016934
2025-05-15 20:00,24.072416198779333
2025-05-15 21:00,16.954660151880613
2025-05-15 22:00,23.51827015102116
2025-05-15 23:00,22.42831304197377
2025-05-16 00:00,18.904834784745105
2025-05-16 01:00,19.14920293007051
2025-05-16 02:00,22.209328582620333
2025-05-16 03:00,18.841696886695765
2025-05-16 04:00,20.766499396418634
2025-05-16 05:00,20.64219223933572
2025-05-16 06:00,8.05447783490511
2025-05-16 07:00,1.1797148525689276
2025-05-16 08:00,3.1684047414731444
2025-05-16 09:00,1.6750544339154538
2025-05-16 10:00,3.4753412509622885
2025-05-16 11:00,8.243205322521412
2025-05-16 12:00,9.208163384772108
2025-05-16 13:00,16.276904994697038
2025-05-16 14:00,0.9990030590267294
2025-05-16 15:00,24.60827682883745
2025-05-16 16:00,9.820816988769312
2025-05-16 17:00,16.88496697068544
2025-05-16 18:00,10.737558643006908
2025-05-16 19:00,15.239446172566698
2025-05-16 20:00,16.634878578223734
2025-05-16 21:00,21.93799241962204
2025-05-16 22:00,16.912542199343473
2025-05-16 23:00,18.53966904274457
2025-05-17 00:00,7.389785055639004
2025-05-17 01:00,5.900798030641637
2025-05-17 02:00,5.566392148446188
2025-05-17 03:00,4.715668469466417
2025-05-17 04:00,5.202777362264708
2025-05-17 05:00,3.167877255730511
2025-05-17 06:00,5.671145533883137
2025-05-17 07:00,2.930532106072537
2025-05-17 08:00,6.720719428588564
2025-05-17 09:00,7.5917521438778275
2025-05-17 10:00,5.769291574230389
2025-05-17 11:00,4.588870130946122
2025-05-17 12:00,0.8272211766841685
2025-05-17 13:00,8.048995724306698e-05
2025-05-17 14:00,2.03615529393312
2025-05-17 15:00,1.9185657526001398
2025-05-17 16:00,5.147134279023007
2025-05-17 17:00,8.67269663261867
2025-05-17 18:00,17.924411304155623
2025-05-17 19:00,24.049240952864675
2025-05-17 20:00,7.074477649321575
2025-05-17 21:00,7.969923614339012
2025-05-17 22:00,8.494965901567669
2025-05-17 23:00,7.204659641245475
2025-05-18 00:00,8.785553938266863
2025-05-18 01:00,10.241577145771076
2025-05-18 02:00,12.966945519671302
2025-05-18 03:00,11.475651354705493
2025-05-18 04:00,11.316377012549944
2025-05-18 05:00,10.4776101385778
2025-05-18 06:00,10.529063273866184
2025-05-18 07:00,18.205576155413198
2025-05-18 08:00,9.616333826409527
2025-05-18 09:00,3.394769177363154
2025-05-18 10:00,1.593608038423586
2025-05-18 11:00,0.07629434420752576
2025-05-18 12:00,0.033544390265257205
2025-05-18 13:00,0.7325330851633624
2025-05-18 14:00,1.8831823535121408
2025-05-18 15:00,2.1307029235221235
2025-05-18 16:00,2.2786659053440705
2025-05-18 17:00,2.1199762266096647
2025-05-18 18:00,2.0121076080590177
2025-05-18 19:00,0.21261275120324394
2025-05-18 20:00,0.6768965769676752
2025-05-18 21:00,1.5418025107486013
2025-05-18 22:00,1.2131248781649098
2025-05-18 23:00,1.494822106692606
2025-05-19 00:00,0.050680004497309514
2025-05-19 01:00,0.0
2025-05-19 02:00,1.28289453750157
2025-05-19 03:00,0.1474081540882645
2025-05-19 04:00,0.554690049900442
2025-05-19 05:00,0.4470448098423316
2025-05-19 06:00,14.425134187877884
2025-05-19 07:00,12.2175136821627
2025-05-19 08:00,16.23271930295518
2025-05-19 09:00,25.89765594416801
2025-05-19 10:00,32.90277254974509
2025-05-19 11:00,37.703546829531106
2025-05-19 12:00,43.68945965835776
2025-05-19 13:00,47.371601767503755
2025-05-19 14:00,38.82673897575948
2025-05-19 15:00,41.25152364766165
2025-05-19 16:00,43.00636958285873
2025-05-19 17:00,42.04133965492807
2025-05-19 18:00,35.535180247998845
2025-05-19 19:00,33.42997888156052
2025-05-19 20:00,31.729000873269673
2025-05-19 21:00,21.930566266107423
2025-05-19 22:00,18.551965231818293
2025-05-19 23:00,18.900539717792554
2025-05-20 00:00,47.55516765748053
2025-05-20 01:00,47.461273625323244
2025-05-20 02:00,39.87641351982276
2025-05-20 03:00,23.50522994634778
2025-05-20 04:00,30.944254790945077
2025-05-20 05:00,30.061832528700027
2025-05-20 06:00,29.219052305838378
2025-05-20 07:00,33.730220344008586
2025-05-20 08:00,27.67672813088929
2025-05-20 09:00,21.98538681661712
2025-05-20 10:00,19.63150001512847
2025-05-20 11:00,19.303070852349276
2025-05-20 12:00,14.937601260471947
2025-05-20 13:00,11.76125684807628
2025-05-20 14:00,12.872426087783861
2025-05-20 15:00,15.485257909096678
2025-05-20 16:00,15.427909661089073
2025-05-20 17:00,11.428522860866002
2025-05-20 18:00,14.025054819771324
2025-05-20 19:00,20.742472888394225
2025-05-20 20:00,18.886928098983514
2025-05-20 21:00,3.8627582913567156
2025-05-20 22:00,8.448226883027601
2025-05-20 23:00,22.05942187031785
2025-05-21 00:00,12.063519306910104
2025-05-21 01:00,9.189568566547699
2025-05-21 02:00,1.8951321311871419
2025-05-21 03:00,18.10206308665731
2025-05-21 04:00,6.766650205096258
2025-05-21 05:00,5.297784195828033
2025-05-21 06:00,1.3288594502880196
2025-05-21 07:00,16.63686751453484
2025-05-21 08:00,3.478110849831332
2025-05-21 09:00,0.6149676011346014
2025-05-21 10:00,0.10678522215461031
2025-05-21 11:00,0.43044411137835975
2025-05-21 12:00,1.2882586125930904
2025-05-21 13:00,0.3686932113188886
2025-05-21 14:00,0.0
2025-05-21 15:00,0.6403732409133778
2025-05-21 16:00,1.3401696479323304
2025-05-21 17:00,0.18397168839159847
2025-05-21 18:00,0.40890725576891807
2025-05-21 19:00,0.24681603005362232
2025-05-21 20:00,0.0
2025-05-21 21:00,0.12874465738487706
2025-05-21 22:00,0.0
2025-05-21 23:00,0.0
2025-05-22 00:00,5.254087887380006
2025-05-22 01:00,7.4802626627195625
2025-05-22 02:00,5.342116008781867
2025-05-22 03:00,6.323501485793914
2025-05-22 04:00,2.5200774069109357
2025-05-22 05:00,2.970126513721004
2025-05-22 06:00,2.2811433876371314
2025-05-22 07:00,1.692600915070825
2025-05-22 08:00,0.13822127917486174
2025-05-22 09:00,0.0
2025-05-22 10:00,0.0
2025-05-22 11:00,0.0
2025-05-22 12:00,0.3245521035495549
2025-05-22 13:00,0.05168730794276599
2025-05-22 14:00,0.6684463230759448
2025-05-22 15:00,1.0112381185191603
2025-05-22 16:00,0.6322165659502986
2025-05-22 17:00,0.11868711092493983
2025-05-22 18:00,0.0
2025-05-22 19:00,0.6595611479072636
2025-05-22 20:00,1.494655965024791
2025-05-22 21:00,1.2187376834952832
2025-05-22 22:00,3.974129464848188
2025-05-22 23:00,5.200970935924671
2025-05-23 00:00,3.94590636449678
2025-05-23 01:00,2.037334292388509
2025-05-23 02:00,1.3497528022270215
2025-05-23 03:00,0.5331526469042256
2025-05-23 04:00,0.3143244510874585
2025-05-23 05:00,1.1947683214754434
2025-05-23 06:00,2.0607299647133774
2025-05-23 07:00,1.5912512793701983
2025-05-23 08:00,1.7242648750822986
2025-05-23 09:00,0.8356240706515655
2025-05-23 10:00,0.3188135047393293
2025-05-23 11:00,1.3381417832111797
2025-05-23 12:00,2.530657348000463
2025-05-23 13:00,0.0
2025-05-23 14:00,0.0
2025-05-23 15:00,0.12925990993508474
2025-05-23 16:00,1.324343277943297
2025-05-23 17:00,2.7796382685388847
2025-05-23 18:00,0.6938281279040596
2025-05-23 19:00,0.5133246778909633
2025-05-23 20:00,0.892442710653385
2025-05-23 21:00,0.9268223211678637
2025-05-23 22:00,0.9079101703840795
2025-05-23 23:00,0.6959492947174574
2025-05-24 00:00,1.831625037368936
2025-05-24 01:00,4.927022103713897
2025-05-24 02:00,1.8596318900431694
2025-05-24 03:00,2.6354141514011036
2025-05-24 04:00,5.882778299883893
2025-05-24 05:00,10.048321479739977
2025-05-24 06:00,2.044304644323548
2025-05-24 07:00,4.609815539910989
2025-05-24 08:00,2.0950311194993887
2025-05-24 09:00,2.303770843254898
2025-05-24 10:00,1.0732612477863108
2025-05-24 11:00,0.8843796742375016
2025-05-24 12:00,1.4077213526987848
2025-05-24 13:00,0.5692779704864513
2025-05-24 14:00,1.8324437081008362
2025-05-24 15:00,1.5507162105531405
2025-05-24 16:00,2.8324786206493346
2025-05-24 17:00,2.8909042018871403
2025-05-24 18:00,5.679712300779926
2025-05-24 19:00,5.023967450163025
2025-05-24 20:00,3.764116287138569
2025-05-24 21:00,1.1967036286805064
2025-05-24 22:00,3.2419164246692502
2025-05-24 23:00,3.111529370792226
2025-05-25 00:00,19.160374800748478
2025-05-25 01:00,19.666605206201293
2025-05-25 02:00,13.495368882530556
2025-05-25 03:00,9.640092112508157
2025-05-25 04:00,9.328755020784696
2025-05-25 05:00,8.100644900774236
2025-05-25 06:00,6.489619613520677
2025-05-25 07:00,10.037228207926194
2025-05-25 08:00,1.790193193372419
2025-05-25 09:00,0.6093250755433077
2025-05-25 10:00,1.0049140415148803
2025-05-25 11:00,0.20740327100248487
2025-05-25 12:00,0.3494956371655734
2025-05-25 13:00,0.24538386098254358
2025-05-25 14:00,1.2664752347055488
2025-05-25 15:00,3.6993815633817535
2025-05-25 16:00,3.7138227059488855
2025-05-25 17:00,1.432959314075349
2025-05-25 18:00,1.9248528891610146
2025-05-25 19:00,4.559407075540378
2025-05-25 20:00,0.0
2025-05-25 21:00,0.14627770059814024
2025-05-25 22:00,1.6902335403017512
2025-05-25 23:00,4.010642810974499
2025-05-26 00:00,2.6295071957823746
2025-05-26 01:00,2.9955985832394627
2025-05-26 02:00,3.3969465815499738
2025-05-26 03:00,6.125083885168201
2025-05-26 04:00,3.3300190113518404
2025-05-26 05:00,0.5326778216446028
2025-05-26 06:00,0.7232072077072808
2025-05-26 07:00,2.91123740684132
2025-05-26 08:00,1.3776210472004997
2025-05-26 09:00,7.620458779520323
2025-05-26 10:00,2.771281858194923
2025-05-26 11:00,6.038110774249454
2025-05-26 12:00,3.260751596237612
2025-05-26 13:00,2.228351616734756
2025-05-26 14:00,1.6947937922426806
2025-05-26 15:00,2.3052045042325906
2025-05-26 16:00,1.7448500477253317
2025-05-26 17:00,1.7618646964935607
2025-05-26 18:00,2.8366570600898324
2025-05-26 19:00,1.2616168235981833
2025-05-26 20:00,5.029517465662084
2025-05-26 21:00,8.234099282758326
2025-05-26 22:00,5.5582919362991765
2025-05-26 23:00,14.10132967787206
2025-05-27 00:00,9.576538144482502
2025-05-27 01:00,11.553760671063003
2025-05-27 02:00,10.863823487334525
2025-05-27 03:00,12.420796640068286
2025-05-27 04:00,10.777047630240146
2025-05-27 05:00,7.939160588586121
2025-05-27 06:00,6.549826372749282
2025-05-27 07:00,5.841775323068667
2025-05-27 08:00,2.735389247363563
2025-05-27 09:00,0.8943590876980222
2025-05-27 10:00,0.5026757016211147
2025-05-27 11:00,0.1838241211252615
2025-05-27 12:00,1.09422089194518
2025-05-27 13:00,1.436959534560223
2025-05-27 14:00,0.8606369957580902
2025-05-27 15:00,1.3464745514816396
2025-05-27 16:00,0.6380224783444803
2025-05-27 17:00,1.4697928477922555
2025-05-27 18:00,2.882678241180331
2025-05-27 19:00,4.944004814729452
2025-05-27 20:00,0.025770682146970814
2025-05-27 21:00,0.0
2025-05-27 22:00,0.1669958884904788
2025-05-27 23:00,2.797699461102428
2025-05-28 00:00,3.2269077140484423
2025-05-28 01:00,1.067190461252968
2025-05-28 02:00,1.9642452003543927
2025-05-28 03:00,6.039765268834199
2025-05-28 04:00,0.34593875397335644
2025-05-28 05:00,0.39538446059929505
2025-05-28 06:00,0.6808101704048884
2025-05-28 07:00,0.22907919939405788
2025-05-28 08:00,0.06695780012875764
2025-05-28 09:00,0.7197464753801806
2025-05-28 10:00,0.6234383768404796
2025-05-28 11:00,0.6641792248391722
2025-05-28 12:00,0.1447091376668929
2025-05-28 13:00,1.7404268101998819
2025-05-28 14:00,2.6994509049967728
2025-05-28 15:00,2.2108595541474685
2025-05-28 16:00,3.475728856873496
2025-05-28 17:00,1.947459950828325
2025-05-28 18:00,2.2092405193501214
2025-05-28 19:00,2.8021494183051514
2025-05-28 20:00,3.054946522657961
2025-05-28 21:00,3.1128776329709185
2025-05-28 22:00,0.0779696237663803
2025-05-28 23:00,1.2376861594946575
2025-05-29 00:00,3.4623540439186367
2025-05-29 01:00,3.052006020134399
2025-05-29 02:00,2.071559362570153
2025-05-29 03:00,5.480238999592445
2025-05-29 04:00,1.2134580063418332
2025-05-29 05:00,0.9754885904143878
2025-05-29 06:00,1.3610354218930396
2025-05-29 07:00,0.27345481404152755
2025-05-29 08:00,0.0
2025-05-29 09:00,0.6612299932918807
2025-05-29 10:00,0.6301344884748723
2025-05-29 11:00,0.0
2025-05-29 12:00,0.0
2025-05-29 13:00,3.4279989421364156
2025-05-29 14:00,10.03818604154879
2025-05-29 15:00,13.42768018673858
2025-05-29 16:00,16.114722645500862
2025-05-29 17:00,5.583140960692269
2025-05-29 18:00,6.526102806399811
2025-05-29 19:00,2.986062584965037
2025-05-29 20:00,2.03917292600372
2025-05-29 21:00,1.9272969824753268
2025-05-29 22:00,1.7503205449478614
2025-05-29 23:00,1.2745874335793954
2025-05-30 00:00,1.7809968592753436
2025-05-30 01:00,4.320825974337611
2025-05-30 02:00,7.193179658512199
2025-05-30 03:00,3.6115823292379257
2025-05-30 04:00,3.0487918693400977
2025-05-30 05:00,1.3152012733903728
2025-05-30 06:00,0.9887745342741995
2025-05-30 07:00,0.9294929150537088
2025-05-30 08:00,0.0
2025-05-30 09:00,1.0843215045242696
2025-05-30 10:00,0.3771205073001222
2025-05-30 11:00,0.5236265929940633
2025-05-30 12:00,1.2860702262482009
2025-05-30 13:00,2.0507369719839006
2025-05-30 14:00,3.219137916651144
2025-05-30 15:00,4.360769835755194
2025-05-30 16:00,3.5448046592524376
2025-05-30 17:00,2.0720700535166188
2025-05-30 18:00,0.0
2025-05-30 19:00,0.0
2025-05-30 20:00,0.0
2025-05-30 21:00,0.0
2025-05-30 22:00,0.0
2025-05-30 23:00,0.973644127411703
2025-05-31 00:00,2.50415640433461
2025-05-31 01:00,1.0822142419509386
2025-05-31 02:00,1.6928065763015638
2025-05-31 03:00,3.2830808575050705
2025-05-31 04:00,3.595770477622698
2025-05-31 05:00,2.611223724990564
2025-05-31 06:00,0.8156662940299296
2025-05-31 07:00,1.1008704024305127
2025-05-31 08:00,0.5487697542780636
2025-05-31 09:00,0.7280146923765007
2025-05-31 10:00,0.5256968309875724
2025-05-31 11:00,0.20285113333262964
2025-05-31 12:00,0.895598436953119
2025-05-31 13:00,0.6246997493813039
2025-05-31 14:00,2.3961556409589466
2025-05-31 15:00,2.4341908381800286
2025-05-31 16:00,2.6068797500951377
2025-05-31 17:00,1.5111994822627177
2025-05-31 18:00,1.875099677510031
2025-05-31 19:00,0.7836692683654938
2025-05-31 20:00,0.6135584762269023
2025-05-31 21:00,0.4901011108063342
2025-05-31 22:00,0.7072758881291218
2025-05-31 23:00,1.0079351081466572
2025-06-01 00:00,2.0782484965702612
2025-06-01 01:00,1.6688360405016367
2025-06-01 02:00,1.6972058066265663
2025-06-01 03:00,0.46879072216760237
2025-06-01 04:00,0.2790317794013741
2025-06-01 05:00,0.8805335541942487
2025-06-01 06:00,0.4355351588375352
2025-06-01 07:00,0.5877855231582882
2025-06-01 08:00,1.0564685251152985
2025-06-01 09:00,0.8118037142682849
2025-06-01 10:00,0.6440652599862737
2025-06-01 11:00,0.5417729862965627
2025-06-01 12:00,0.3302301330361841
2025-06-01 13:00,0.4315548484260429
2025-06-01 14:00,0.9618152074232601
2025-06-01 15:00,2.0811759788896866
2025-06-01 16:00,2.0132326314783864
2025-06-01 17:00,0.8567984164657906
2025-06-01 18:00,1.6445806780717034
2025-06-01 19:00,3.0942036641694943
2025-06-01 20:00,0.0
2025-06-01 21:00,0.6989374116607702
2025-06-01 22:00,0.046036014852394544
2025-06-01 23:00,0.9635787888097441
2025-06-02 00:00,2.7038179624378196
2025-06-02 01:00,2.1665642860621928
2025-06-02 02:00,0.5116264564111221
2025-06-02 03:00,0.7041707555268765
2025-06-02 04:00,0.028505090617942035
2025-06-02 05:00,1.2278681768293722
2025-06-02 06:00,0.40878704262831417
2025-06-02 07:00,0.2609277779001535
2025-06-02 08:00,0.0
2025-06-02 09:00,1.4184560916674183
2025-06-02 10:00,4.742920852479044
2025-06-02 11:00,5.9680614781895045
2025-06-02 12:00,4.703420370981726
2025-06-02 13:00,0.0
2025-06-02 14:00,0.0
2025-06-02 15:00,0.0
2025-06-02 16:00,1.8433451300076324
2025-06-02 17:00,3.1556579095193396
2025-06-02 18:00,3.803589543646536
2025-06-02 19:00,1.4721328537494416
2025-06-02 20:00,2.9786283007769683
2025-06-02 21:00,4.243258632406688
2025-06-02 22:00,3.4964682089610344
2025-06-02 23:00,4.512502715446326
2025-06-03 00:00,3.51071576222069
2025-06-03 01:00,2.5524261383629074
2025-06-03 02:00,3.0326762512074166
2025-06-03 03:00,2.6139552349895756
2025-06-03 04:00,2.61901767589823
2025-06-03 05:00,5.540906087021385
2025-06-03 06:00,5.801431535400145
2025-06-03 07:00,9.328404535046486
2025-06-03 08:00,13.312937023872392
2025-06-03 09:00,7.593635256607391
2025-06-03 10:00,7.682439807161367
2025-06-03 11:00,4.435533954120414
2025-06-03 12:00,2.7573377906678247
2025-06-03 13:00,3.790752021972775
2025-06-03 14:00,4.627782228869875
2025-06-03 15:00,4.90214903171344
2025-06-03 16:00,5.480630413697682
2025-06-03 17:00,5.4533547887544325
2025-06-03 18:00,2.473495025088711
2025-06-03 19:00,2.619523925689605
2025-06-03 20:00,3.1703328737010463
2025-06-03 21:00,5.458767846483305
2025-06-03 22:00,8.427310252754326
2025-06-03 23:00,13.65697707614666
2025-06-04 00:00,16.79548618533067
2025-06-04 01:00,18.932135408233144
2025-06-04 02:00,22.864726248315268
2025-06-04 03:00,25.830037577350236
2025-06-04 04:00,17.119345556347696
2025-06-04 05:00,28.963549876468317
2025-06-04 06:00,23.771537043312755
2025-06-04 07:00,26.605004728728193
2025-06-04 08:00,34.815188714585
2025-06-04 09:00,24.038708210696196
2025-06-04 10:00,10.370128718876549
2025-06-04 11:00,6.032536175548911
2025-06-04 12:00,2.732104281102529
2025-06-04 13:00,2.965740322822978
2025-06-04 14:00,5.42367258619732
2025-06-04 15:00,12.87427082683661
2025-06-04 16:00,13.035198066675253
2025-06-04 17:00,9.0829046132735
2025-06-04 18:00,4.453336979768056
2025-06-04 19:00,4.007188752303479
2025-06-04 20:00,2.6301233805710993
2025-06-04 21:00,1.9726780822353633
2025-06-04 22:00,1.1859300215543578
2025-06-04 23:00,1.5106804247173724
2025-06-05 00:00,5.001402588265626
2025-06-05 01:00,4.737397734977333
2025-06-05 02:00,11.838904967013288
2025-06-05 03:00,11.107102773346373
2025-06-05 04:00,8.61686979538254
2025-06-05 05:00,11.723393318154091
2025-06-05 06:00,7.375081524463085
2025-06-05 07:00,2.2749809670914853
2025-06-05 08:00,0.8795423785388297
2025-06-05 09:00,1.1967373270739208
2025-06-05 10:00,0.9649696021960237
2025-06-05 11:00,0.8691397465981491
2025-06-05 12:00,1.949450227550675
2025-06-05 13:00,4.1128506328626955
2025-06-05 14:00,5.194686887938924
2025-06-05 15:00,5.044196762843567
2025-06-05 16:00,6.910659281928657
2025-06-05 17:00,8.588003338243036
2025-06-05 18:00,11.569196424293022
2025-06-05 19:00,16.709916476157638
2025-06-05 20:00,21.511315811642017
2025-06-05 21:00,23.534980230754194
2025-06-05 22:00,28.749742359512236
2025-06-05 23:00,27.094043485484832
2025-06-06 00:00,24.914414294028063
2025-06-06 01:00,25.10408019492709
2025-06-06 02:00,26.02992282021203
2025-06-06 03:00,28.464993345044565
2025-06-06 04:00,25.88537831968311
2025-06-06 05:00,11.138049979566063
2025-06-06 06:00,15.800767659874886
2025-06-06 07:00,22.57063262239918
2025-06-06 08:00,19.50060524081855
2025-06-06 09:00,17.438364345905544
2025-06-06 10:00,8.471494863161796
2025-06-06 11:00,9.967181828222513
2025-06-06 12:00,8.026303779529277
2025-06-06 13:00,4.422719357534657
2025-06-06 14:00,4.960586360042806
2025-06-06 15:00,10.152870574898959
2025-06-06 16:00,12.074783906045479
2025-06-06 17:00,4.443450462950114
2025-06-06 18:00,11.332393135119835
2025-06-06 19:00,8.133397584303044
2025-06-06 20:00,1.377746968292063
2025-06-06 21:00,2.8307441111048113
2025-06-06 22:00,2.9637825905533703
2025-06-06 23:00,1.7134162165755475
2025-06-07 00:00,25.89378016680576
2025-06-07 01:00,20.402661292883007
2025-06-07 02:00,4.331917723484788
2025-06-07 03:00,4.6030664240850685
2025-06-07 04:00,7.389511887074309
2025-06-07 05:00,3.9425629801410698
2025-06-07 06:00,9.6663608922553
2025-06-07 07:00,5.087403525532738
2025-06-07 08:00,1.2555776480047554
2025-06-07 09:00,0.5977410383330621
2025-06-07 10:00,6.437077463654482
2025-06-07 11:00,7.295116935069755
2025-06-07 12:00,7.0364232128645465
2025-06-07 13:00,6.621105153709548
2025-06-07 14:00,3.18720226090452
2025-06-07 15:00,4.427446048290617
2025-06-07 16:00,6.49307228511488
2025-06-07 17:00,3.599806304217614
2025-06-07 18:00,3.238484339184177
2025-06-07 19:00,2.190486300700324
2025-06-07 20:00,0.45484766347774247
2025-06-07 21:00,1.3010701370842883
2025-06-07 22:00,0.1992256919050889
2025-06-07 23:00,0.42284722649719914
2025-06-08 00:00,0.0
2025-06-08 01:00,0.0
2025-06-08 02:00,0.15811719243626124
2025-06-08 03:00,0.10118937056436071
2025-06-08 04:00,0.41573147120816806
2025-06-08 05:00,0.24393844539996248
2025-06-08 06:00,0.6872386515520471
2025-06-08 07:00,0.4596342543408441
2025-06-08 08:00,0.10511756965267531
2025-06-08 09:00,0.0
2025-06-08 10:00,0.19246133379402278
2025-06-08 11:00,0.5701350373718375
2025-06-08 12:00,0.03130930263992443
2025-06-08 13:00,0.26414068529772106
2025-06-08 14:00,0.3397709092459517
2025-06-08 15:00,1.6728061885017798
2025-06-08 16:00,3.227424220913512
2025-06-08 17:00,2.428641129745328
2025-06-08 18:00,2.0472441405212036
2025-06-08 19:00,1.8649572484997639
2025-06-08 20:00,0.546981574799201
2025-06-08 21:00,0.0
2025-06-08 22:00,0.0
2025-06-08 23:00,2.145837619467037
2025-06-09 00:00,0.24135928430686798
2025-06-09 01:00,0.0
2025-06-09 02:00,0.0
2025-06-09 03:00,0.3525932968219276
2025-06-09 04:00,0.39637926563014786
2025-06-09 05:00,1.4004023088932978
2025-06-09 06:00,1.3496363683340402
2025-06-09 07:00,1.3089632294400517
2025-06-09 08:00,0.0
2025-06-09 09:00,0.0
2025-06-09 10:00,0.3302758354792495
2025-06-09 11:00,0.16851673547141496
2025-06-09 12:00,0.0
2025-06-09 13:00,0.2576999419978312
2025-06-09 14:00,0.14752470613056412
2025-06-09 15:00,1.398856774901614
2025-06-09 16:00,1.9171377501733715
2025-06-09 17:00,2.640080439239838
2025-06-09 18:00,3.188145964811827
2025-06-09 19:00,2.3921336532394553
2025-06-09 20:00,0.24519884295242117
2025-06-09 21:00,0.0
2025-06-09 22:00,0.0
2025-06-09 23:00,0.04166165415239678
2025-06-10 00:00,2.825487941491893
2025-06-10 01:00,3.237908723792314
2025-06-10 02:00,2.010678360985452
2025-06-10 03:00,5.308937911590411
2025-06-10 04:00,10.734511973717606
2025-06-10 05:00,6.70414827105454
2025-06-10 06:00,0.968288939854198
2025-06-10 07:00,8.306966004706972
2025-06-10 08:00,0.4416334355903528
2025-06-10 09:00,0.6911616611156864
2025-06-10 10:00,0.4669200694445581
2025-06-10 11:00,0.8068409282243608
2025-06-10 12:00,0.801023814421369
2025-06-10 13:00,1.617943492106241
2025-06-10 14:00,0.21038222776031087
2025-06-10 15:00,3.3252026724956285
2025-06-10 16:00,2.4762850996828383
2025-06-10 17:00,1.4160910240039473
2025-06-10 18:00,1.5937506352115132
2025-06-10 19:00,0.0
2025-06-10 20:00,0.0
2025-06-10 21:00,0.0
2025-06-10 22:00,0.0
2025-06-10 23:00,0.490385475704943
2025-06-11 00:00,1.1006175541093028
2025-06-11 01:00,2.2350388798028114
2025-06-11 02:00,2.20015854195155
2025-06-11 03:00,4.046867806243971
2025-06-11 04:00,4.334436030665861
2025-06-11 05:00,3.9267493893065164
2025-06-11 06:00,4.435972494682915
2025-06-11 07:00,0.471706806094402
2025-06-11 08:00,1.6258220259217722
2025-06-11 09:00,0.8831337198043804
2025-06-11 10:00,0.0
2025-06-11 11:00,0.7669622729772159
2025-06-11 12:00,0.5519056408586515
2025-06-11 13:00,0.4301369440756455
2025-06-11 14:00,2.707085333892888
2025-06-11 15:00,5.943602727348243
2025-06-11 16:00,6.777401830533308
2025-06-11 17:00,8.069710761075143
2025-06-11 18:00,5.174522769432403
2025-06-11 19:00,4.112933763121197
2025-06-11 20:00,1.2643375503230003
2025-06-11 21:00,1.5381859734651888
2025-06-11 22:00,0.40498745254794216
2025-06-11 23:00,2.1901317427664106
2025-06-12 00:00,2.7062987712093434
2025-06-12 01:00,2.944213723486064
2025-06-12 02:00,0.669080379725734
2025-06-12 03:00,3.214039775333029
2025-06-12 04:00,0.9558789052114095
2025-06-12 05:00,1.381680640931021
2025-06-12 06:00,1.3652297053339335
2025-06-12 07:00,0.9487820817331509
2025-06-12 08:00,0.8844487080428877
2025-06-12 09:00,0.8473676794221149
2025-06-12 10:00,0.5391230924111318
2025-06-12 11:00,0.5142725781690871
2025-06-12 12:00,0.7962141989321289
2025-06-12 13:00,0.7901598749017613
2025-06-12 14:00,0.4583224799071339
2025-06-12 15:00,3.575155995218609
2025-06-12 16:00,6.385649282282557
2025-06-12 17:00,1.1926707255462088
2025-06-12 18:00,5.590946039219247
2025-06-12 19:00,5.116455869134804
2025-06-12 20:00,0.16299735836546045
2025-06-12 21:00,1.4028875736516306
2025-06-12 22:00,0.0
2025-06-12 23:00,0.0
2025-06-13 00:00,0.263968501425695
2025-06-13 01:00,0.5321683908012144
2025-06-13 02:00,0.1614745091757363
2025-06-13 03:00,0.0395128848609477
2025-06-13 04:00,0.7845959961244957
2025-06-13 05:00,0.48433019360223767
2025-06-13 06:00,1.898835523062757
2025-06-13 07:00,1.2947650586837054
2025-06-13 08:00,0.10409165070375022
2025-06-13 09:00,0.22103779872463983
2025-06-13 10:00,0.552956988240412
2025-06-13 11:00,0.0686381813192038
2025-06-13 12:00,0.21952913693324644
2025-06-13 13:00,0.043783004613871794
2025-06-13 14:00,0.34928864349402117
2025-06-13 15:00,5.940846890065394
2025-06-13 16:00,9.25979494927582
2025-06-13 17:00,3.991518812843415
2025-06-13 18:00,0.9964402126087846
2025-06-13 19:00,6.387706674200436
2025-06-13 20:00,2.288658895638621
2025-06-13 21:00,11.239305126370404
2025-06-13 22:00,14.101020431375304
2025-06-13 23:00,12.702433391702366
2025-06-14 00:00,0.7448820490028366
2025-06-14 01:00,4.794911954216442
2025-06-14 02:00,8.857234049893632
2025-06-14 03:00,5.750741114556097
2025-06-14 04:00,15.50569812022981
2025-06-14 05:00,14.27673666224884
2025-06-14 06:00,21.12945917044802
2025-06-14 07:00,18.014392464452374
2025-06-14 08:00,8.860231662283757
2025-06-14 09:00,4.109167870013753
2025-06-14 10:00,8.052612377787133
2025-06-14 11:00,6.753040349326406
2025-06-14 12:00,7.67047634404364
2025-06-14 13:00,3.9999083040685495
2025-06-14 14:00,4.229679681227641
2025-06-14 15:00,7.145837978807641
2025-06-14 16:00,8.122054090304575
2025-06-14 17:00,7.003563555174799
2025-06-14 18:00,0.842694257604572
2025-06-14 19:00,0.8272051926564626
2025-06-14 20:00,0.8945482980360041
2025-06-14 21:00,2.3200432951691643
2025-06-14 22:00,1.4216344840416373
2025-06-14 23:00,1.1265799734712214
2025-06-15 00:00,8.253322926278932
2025-06-15 01:00,7.661778678268408
2025-06-15 02:00,4.206475549188663
2025-06-15 03:00,2.421968436847492
2025-06-15 04:00,5.435320009564267
2025-06-15 05:00,5.623640946654074
2025-06-15 06:00,5.1381354533789905
2025-06-15 07:00,2.3352014363931635
2025-06-15 08:00,0.9605167371414691
2025-06-15 09:00,1.5057882518111299
2025-06-15 10:00,1.8300936506351728
2025-06-15 11:00,6.059899430136511
2025-06-15 12:00,14.375962223955764
2025-06-15 13:00,10.041253487271165
2025-06-15 14:00,15.95459287395136
2025-06-15 15:00,29.41476292304467
2025-06-15 16:00,27.68110017680454
2025-06-15 17:00,28.411067559451894
2025-06-15 18:00,33.66681791676723
2025-06-15 19:00,32.089814998718076
2025-06-15 20:00,34.62530440990112
2025-06-15 21:00,34.06380335648911
2025-06-15 22:00,37.212467366111106
2025-06-15 23:00,36.080353649414974
2025-06-16 00:00,35.908969191033776
2025-06-16 01:00,34.23348399896924
2025-06-16 02:00,38.419581379670205
2025-06-16 03:00,42.12766674429396
2025-06-16 04:00,36.74591588530227
2025-06-16 05:00,34.32874375336496
2025-06-16 06:00,28.967260692373692
2025-06-16 07:00,35.96935846382954
2025-06-16 08:00,36.570478216119454
2025-06-16 09:00,37.962023959509175
2025-06-16 10:00,33.89567622544464
2025-06-16 11:00,41.89007956573022
2025-06-16 12:00,36.799076560065274
2025-06-16 13:00,43.16845221661496
2025-06-16 14:00,42.2670368705019
2025-06-16 15:00,46.5251855500127
2025-06-16 16:00,42.70420448095977
2025-06-16 17:00,45.97503156319741
2025-06-16 18:00,46.00224001157992
2025-06-16 19:00,38.263695931051565
2025-06-16 20:00,33.10163938424579
2025-06-16 21:00,31.689955533597615
2025-06-16 22:00,28.228433394838586
2025-06-16 23:00,29.896836405032783
2025-06-17 00:00,25.269415217340928
2025-06-17 01:00,31.2726309872995
2025-06-17 02:00,32.783524819579135
2025-06-17 03:00,31.859079717656844
2025-06-17 04:00,37.474525303693646
2025-06-17 05:00,43.06269541733284
2025-06-17 06:00,37.872813615593934
2025-06-17 07:00,40.335656563866245
2025-06-17 08:00,37.89233359922899
2025-06-17 09:00,31.072817055386032
2025-06-17 10:00,33.280476617937964
2025-06-17 11:00,29.797953628542032
2025-06-17 12:00,30.4441250479963
2025-06-17 13:00,27.15781309444968
2025-06-17 14:00,26.35801303512313
2025-06-17 15:00,31.384208398794563
2025-06-17 16:00,31.578486014404177
2025-06-17 17:00,31.27653992032586
2025-06-17 18:00,32.56118573283574
2025-06-17 19:00,31.74354116780249
2025-06-17 20:00,13.474924966688404
2025-06-17 21:00,12.157565892435708
2025-06-17 22:00,6.725854204908569
2025-06-17 23:00,7.559578277645439
2025-06-18 00:00,13.517544418073056
2025-06-18 01:00,16.22311624396358
2025-06-18 02:00,17.72228909699164
2025-06-18 03:00,13.541886111473588
2025-06-18 04:00,6.085140336756458
2025-06-18 05:00,0.17140826412003907
2025-06-18 06:00,0.37937887876829995
2025-06-18 07:00,2.505236914411081
2025-06-18 08:00,0.18609823021444577
2025-06-18 09:00,0.0
2025-06-18 10:00,0.0
2025-06-18 11:00,0.15572784939199727
2025-06-18 12:00,0.0
2025-06-18 13:00,0.0
2025-06-18 14:00,0.19514931100490945
2025-06-18 15:00,1.2399020491248598
2025-06-18 16:00,1.3653832679851228
2025-06-18 17:00,1.0158514755586439
2025-06-18 18:00,1.210177148608886
2025-06-18 19:00,0.674228995836274
2025-06-18 20:00,1.0026638351663797
2025-06-18 21:00,1.4552591931856482
2025-06-18 22:00,1.9674897227617698
2025-06-18 23:00,2.6200183109434647
2025-06-19 00:00,2.7683797473661422
2025-06-19 01:00,1.190274333218572
2025-06-19 02:00,0.14244278138897637
2025-06-19 03:00,0.9995012922144378
2025-06-19 04:00,0.16840400516634726
2025-06-19 05:00,0.5761388040383375
2025-06-19 06:00,0.8943532632355488
2025-06-19 07:00,0.8056595251988924
2025-06-19 08:00,0.0
2025-06-19 09:00,0.0
2025-06-19 10:00,0.5460146432150867
2025-06-19 11:00,0.3493481353890404
2025-06-19 12:00,0.16657673487325667
2025-06-19 13:00,0.80439336090123
2025-06-19 14:00,1.1968615315024835
2025-06-19 15:00,3.535327327524698
2025-06-19 16:00,15.928993835592518
2025-06-19 17:00,16.913515731356433
2025-06-19 18:00,13.259925208914009
2025-06-19 19:00,17.328146862412126
2025-06-19 20:00,21.85682939406038
2025-06-19 21:00,23.36541066093627
2025-06-19 22:00,19.22659893892347
2025-06-19 23:00,12.360265183224447
2025-06-20 00:00,28.665099996540512
2025-06-20 01:00,35.97498616925403
2025-06-20 02:00,37.39478688138384
2025-06-20 03:00,34.99985260195892
2025-06-20 04:00,28.964780527381663
2025-06-20 05:00,26.645824604715212
2025-06-20 06:00,21.27590826897014
2025-06-20 07:00,44.135977216974865
2025-06-20 08:00,46.359905978713975
2025-06-20 09:00,52.83046289463901
2025-06-20 10:00,48.670841477067455
2025-06-20 11:00,48.06326567796478
2025-06-20 12:00,46.73247903074375
2025-06-20 13:00,44.45257668411473
2025-06-20 14:00,46.69540133368763
2025-06-20 15:00,46.92675728593676
2025-06-20 16:00,53.370751338057346
2025-06-20 17:00,51.14836496035952
2025-06-20 18:00,46.68517806625363
2025-06-20 19:00,47.79187033829642
2025-06-20 20:00,49.624734011758335
2025-06-20 21:00,49.72228644134714
2025-06-20 22:00,50.48512866507948
2025-06-20 23:00,52.367314305790636
2025-06-21 00:00,42.29715398903359
2025-06-21 01:00,38.970181382994596
2025-06-21 02:00,37.9479737997749
2025-06-21 03:00,40.44795242545015
2025-06-21 04:00,38.82616109632076
2025-06-21 05:00,40.01543635172208
2025-06-21 06:00,33.494070386566456
2025-06-21 07:00,45.22822780735453
2025-06-21 08:00,45.681812618688475
2025-06-21 09:00,45.09922523989458
2025-06-21 10:00,43.30745589291515
2025-06-21 11:00,33.02024081036122
2025-06-21 12:00,26.17596789971251
2025-06-21 13:00,24.242871686137217
2025-06-21 14:00,22.990788172059574
2025-06-21 15:00,29.693934658907203
2025-06-21 16:00,39.45291044758238
2025-06-21 17:00,20.642165437444753
2025-06-21 18:00,8.725665578298852
2025-06-21 19:00,8.392581823625017
2025-06-21 20:00,1.2546238719573815
2025-06-21 21:00,2.055660601506308
2025-06-21 22:00,0.12293684583961785
2025-06-21 23:00,0.0
2025-06-22 00:00,5.113953268533489
2025-06-22 01:00,0.879628178005791
2025-06-22 02:00,0.7718525706803306
2025-06-22 03:00,1.2184097575547097
2025-06-22 04:00,1.3063592920633038
2025-06-22 05:00,0.9540520696954565
2025-06-22 06:00,0.6528288803615613
2025-06-22 07:00,0.3570245163382388
2025-06-22 08:00,0.8951237931094269
2025-06-22 09:00,0.2952961821178583
2025-06-22 10:00,0.0
2025-06-22 11:00,0.0
2025-06-22 12:00,0.0
2025-06-22 13:00,0.0
2025-06-22 14:00,0.0
2025-06-22 15:00,0.0
2025-06-22 16:00,0.0
2025-06-22 17:00,0.0
2025-06-22 18:00,0.014995985099531026
2025-06-22 19:00,0.0
2025-06-22 20:00,0.0
2025-06-22 21:00,0.0
2025-06-22 22:00,0.0
2025-06-22 23:00,0.0
2025-06-23 00:00,0.11732141707611414
2025-06-23 01:00,0.3699350243980968
2025-06-23 02:00,0.36617637553176835
2025-06-23 03:00,0.0
2025-06-23 04:00,1.4227578181681044
2025-06-23 05:00,2.1140881379435092
2025-06-23 06:00,0.5724715002413087
2025-06-23 07:00,0.0892851185823043
2025-06-23 08:00,0.09472650160965772
2025-06-23 09:00,0.06999013473207791
2025-06-23 10:00,0.8220732729450431
2025-06-23 11:00,0.31921214654921387
2025-06-23 12:00,0.0
2025-06-23 13:00,0.0
2025-06-23 14:00,0.0
2025-06-23 15:00,0.3065830087583079
2025-06-23 16:00,1.0862996800682
2025-06-23 17:00,0.9708485226273811
2025-06-23 18:00,0.6136089491487151
2025-06-23 19:00,0.12562451058836477
2025-06-23 20:00,0.0
2025-06-23 21:00,6.301138088251796
2025-06-23 22:00,4.397667744531502
2025-06-23 23:00,1.7135393243261972
2025-06-24 00:00,0.0
2025-06-24 01:00,0.08782332944025978
2025-06-24 02:00,0.18484764160243533
2025-06-24 03:00,0.17353540419196684
2025-06-24 04:00,0.4453068877353055
2025-06-24 05:00,0.7497358917295059
2025-06-24 06:00,0.87713138763104
2025-06-24 07:00,0.7072753754440448
2025-06-24 08:00,0.4154986183186406
2025-06-24 09:00,0.37479584525124976
2025-06-24 10:00,0.1718489691519149
2025-06-24 11:00,0.0
2025-06-24 12:00,0.0
2025-06-24 13:00,0.0
2025-06-24 14:00,0.23157978122309486
2025-06-24 15:00,0.3456665892185907
2025-06-24 16:00,0.9539316697870234
2025-06-24 17:00,0.9131192677565678
2025-06-24 18:00,0.47698877074216506
2025-06-24 19:00,0.7296458561025585
2025-06-24 20:00,0.03929665532190787
2025-06-24 21:00,0.9826618720721064
2025-06-24 22:00,0.022104091095937063
2025-06-24 23:00,0.0
2025-06-25 00:00,0.2793680367173872
2025-06-25 01:00,0.3273301636260716
2025-06-25 02:00,0.40996902008744757
2025-06-25 03:00,0.0
2025-06-25 04:00,0.0
2025-06-25 05:00,1.2894128215450174
2025-06-25 06:00,3.4982152711515604
2025-06-25 07:00,5.764771534091532
2025-06-25 08:00,10.881323736917453
2025-06-25 09:00,5.154821060691152
2025-06-25 10:00,6.622908410732859
2025-06-25 11:00,7.303170912719934
2025-06-25 12:00,8.197466402074264
2025-06-25 13:00,10.291805538267251
2025-06-25 14:00,10.182630120290895
2025-06-25 15:00,10.134823896217107
2025-06-25 16:00,19.07870948007825
2025-06-25 17:00,20.372117924504064
2025-06-25 18:00,21.778166790351438
2025-06-25 19:00,17.94422329372692
2025-06-25 20:00,23.29688528739089
2025-06-25 21:00,17.644152376928968
2025-06-25 22:00,3.9339208784343627
2025-06-25 23:00,11.248628830812164
2025-06-26 00:00,5.868230089687988
2025-06-26 01:00,5.545880664086641
2025-06-26 02:00,10.114203907074096
2025-06-26 03:00,5.139801899210196
2025-06-26 04:00,6.22538407168104
2025-06-26 05:00,7.653358361763206
2025-06-26 06:00,8.176609336050037
2025-06-26 07:00,12.094410181613245
2025-06-26 08:00,5.645510531749407
2025-06-26 09:00,1.0795061923791116
2025-06-26 10:00,0.0
2025-06-26 11:00,0.0
2025-06-26 12:00,0.0
2025-06-26 13:00,0.0
2025-06-26 14:00,0.0
2025-06-26 15:00,0.4324823470523289
2025-06-26 16:00,0.0
2025-06-26 17:00,0.15330192785941404
2025-06-26 18:00,0.0
2025-06-26 19:00,0.40210762453589305
2025-06-26 20:00,0.0
2025-06-26 21:00,0.0
2025-06-26 22:00,0.2930079255298264
2025-06-26 23:00,0.0
2025-06-27 00:00,1.689245910687382
2025-06-27 01:00,1.317715134316107
2025-06-27 02:00,0.466578575755984
2025-06-27 03:00,0.18230652650781773
2025-06-27 04:00,0.2703644886199306
2025-06-27 05:00,0.5481699915279865
2025-06-27 06:00,0.4984573601038061
2025-06-27 07:00,0.7065594039040796
2025-06-27 08:00,0.0
2025-06-27 09:00,0.9026768854050844
2025-06-27 10:00,0.6458692257020623
2025-06-27 11:00,1.0200298060289368
2025-06-27 12:00,0.3818668602602978
2025-06-27 13:00,0.5805008759767784
2025-06-27 14:00,0.0034016344077372326
2025-06-27 15:00,0.35493663374903145
2025-06-27 16:00,0.30769034947876334
2025-06-27 17:00,0.3715134504139365
2025-06-27 18:00,1.5890241350546264
2025-06-27 19:00,1.5819922766739907
2025-06-27 20:00,1.9631164395516207
2025-06-27 21:00,0.16883348737123283
2025-06-27 22:00,0.11613798116762902
2025-06-27 23:00,2.856839672668349
2025-06-28 00:00,7.828917018208374
2025-06-28 01:00,13.671993419894763
2025-06-28 02:00,9.386096472490822
2025-06-28 03:00,3.6026719858631417
2025-06-28 04:00,0.8509797463448701
2025-06-28 05:00,0.22540545850998284
2025-06-28 06:00,0.7957068935607895
2025-06-28 07:00,2.3917436731591346
2025-06-28 08:00,1.204093314529769
2025-06-28 09:00,8.549289423387739
2025-06-28 10:00,6.002777773899351
2025-06-28 11:00,6.908930665582559
2025-06-28 12:00,6.273922750295597
2025-06-28 13:00,5.779402879797962
2025-06-28 14:00,9.476734925734988
2025-06-28 15:00,14.186222926717104
2025-06-28 16:00,8.145186422784652
2025-06-28 17:00,24.755554886285186
2025-06-28 18:00,23.790134072570805
2025-06-28 19:00,22.388529034043675
2025-06-28 20:00,12.849102293917168
2025-06-28 21:00,12.304291640284706
2025-06-28 22:00,9.323566949048532
2025-06-28 23:00,1.2966280549502642
2025-06-29 00:00,7.328703108532552
2025-06-29 01:00,5.659567764160852
2025-06-29 02:00,5.625019604767668
2025-06-29 03:00,5.933916855167176
2025-06-29 04:00,0.269378981433446
2025-06-29 05:00,0.2136921748694635
2025-06-29 06:00,0.275551004693196
2025-06-29 07:00,1.432122861504185
2025-06-29 08:00,2.168640489176052
2025-06-29 09:00,3.4218458063351447
2025-06-29 10:00,4.603267603675526
2025-06-29 11:00,4.6786218222335
2025-06-29 12:00,2.0978813174252844
2025-06-29 13:00,1.9577757505163198
2025-06-29 14:00,6.92612188365759
2025-06-29 15:00,7.2047198221507145
2025-06-29 16:00,9.494515314684017
2025-06-29 17:00,11.37168792150384
2025-06-29 18:00,14.96738869013597
2025-06-29 19:00,15.341181714177942
2025-06-29 20:00,3.7290964115278986
2025-06-29 21:00,1.293025266731439
2025-06-29 22:00,0.08143353918263709
2025-06-29 23:00,0.17815204519426958
2025-06-30 00:00,0.6999158694400959
2025-06-30 01:00,1.726036771902596
2025-06-30 02:00,0.027879011796019443
2025-06-30 03:00,0.07870248972454913
2025-06-30 04:00,0.015173948920234838
2025-06-30 05:00,0.5211302476844644
2025-06-30 06:00,0.1702816439617914
2025-06-30 07:00,0.3790070152824157
2025-06-30 08:00,0.42619802348144004
2025-06-30 09:00,0.555337651220812
2025-06-30 10:00,0.6046748032252012
2025-06-30 11:00,0.28697990577550864
2025-06-30 12:00,1.2869743408386316
2025-06-30 13:00,6.122276939709114
2025-06-30 14:00,3.067663904586834
2025-06-30 15:00,3.685969518865846
2025-06-30 16:00,9.7195785559804
2025-06-30 17:00,11.090879289698089
2025-06-30 18:00,9.988994567798121
2025-06-30 19:00,1.2990119085375664
2025-06-30 20:00,1.2559783347385085
2025-06-30 21:00,0.0
2025-06-30 22:00,0.6206687865085498
2025-06-30 23:00,1.0262267662861528
2025-07-01 00:00,0.0746437468879647
2025-07-01 01:00,0.6176132916722716
2025-07-01 02:00,2.013253962667556
2025-07-01 03:00,0.8262054795681211
2025-07-01 04:00,6.215119049714989
2025-07-01 05:00,5.406164266327782
2025-07-01 06:00,0.6212321734202263
2025-07-01 07:00,2.1092670730217247
2025-07-01 08:00,0.4059810686779523
2025-07-01 09:00,1.6153646607599736
2025-07-01 10:00,2.7189727374726362
2025-07-01 11:00,0.0
2025-07-01 12:00,1.5454368152890687
2025-07-01 13:00,0.0
2025-07-01 14:00,0.0
2025-07-01 15:00,1.1263168430760961
2025-07-01 16:00,2.098440722564694
2025-07-01 17:00,1.9536137534746172
2025-07-01 18:00,2.1818853600456483
2025-07-01 19:00,1.8776164593128661
2025-07-01 20:00,0.16131200521400366
2025-07-01 21:00,1.6064593159598624
2025-07-01 22:00,0.8240823700529308
2025-07-01 23:00,1.875197543601931
2025-07-02 00:00,1.097909811341308
2025-07-02 01:00,3.8206034329846656
2025-07-02 02:00,2.2448554017575204
2025-07-02 03:00,3.6216381269428526
2025-07-02 04:00,4.4043147751201195
2025-07-02 05:00,0.9131772234061207
2025-07-02 06:00,1.1323255428128425
2025-07-02 07:00,4.445059625524495
2025-07-02 08:00,4.067602923035372
2025-07-02 09:00,7.521068728925515
2025-07-02 10:00,4.535585484845368
2025-07-02 11:00,0.0
2025-07-02 12:00,0.28748837315426484
2025-07-02 13:00,2.276231366267768
2025-07-02 14:00,2.5190069504422783
2025-07-02 15:00,2.558954381266389
2025-07-02 16:00,1.0519037103609223
2025-07-02 17:00,1.6786144845356772
2025-07-02 18:00,0.9151611609841673
2025-07-02 19:00,0.9926567151921791
2025-07-02 20:00,2.0440899442615432
2025-07-02 21:00,0.0
2025-07-02 22:00,0.5605331696563385
2025-07-02 23:00,0.9724757320909347
2025-07-03 00:00,0.5162686612614462
2025-07-03 01:00,0.7854932811084615
2025-07-03 02:00,3.837610153940407
2025-07-03 03:00,0.9198762555637672
2025-07-03 04:00,6.411964418618522
2025-07-03 05:00,5.43942915529343
2025-07-03 06:00,6.405333577920553
2025-07-03 07:00,1.1083515568443274
2025-07-03 08:00,7.4626525341481935
2025-07-03 09:00,3.1985974654058342
2025-07-03 10:00,5.597777589322435
2025-07-03 11:00,4.747378309128067
2025-07-03 12:00,4.519216011914708
2025-07-03 13:00,3.144611247870166
2025-07-03 14:00,5.431270629483784
2025-07-03 15:00,5.812521439683076
2025-07-03 16:00,6.389466416292884
2025-07-03 17:00,10.563740788358478
2025-07-03 18:00,14.126342448044655
2025-07-03 19:00,16.00640722840473
2025-07-03 20:00,4.845172841702457
2025-07-03 21:00,7.592762734255216
2025-07-03 22:00,7.638559165420112
2025-07-03 23:00,4.300365238064099
2025-07-04 00:00,6.176531444044187
2025-07-04 01:00,15.898656987781028
2025-07-04 02:00,17.198600211200585
2025-07-04 03:00,20.533115624483653
2025-07-04 04:00,20.96376657777883
2025-07-04 05:00,20.089438593286417
2025-07-04 06:00,14.746834918048926
2025-07-04 07:00,24.08074679095856
2025-07-04 08:00,29.55733076470335
2025-07-04 09:00,23.615963659831785
2025-07-04 10:00,17.866751267042773
2025-07-04 11:00,8.356613814909894
2025-07-04 12:00,15.682843282995353
2025-07-04 13:00,10.718717864645223
2025-07-04 14:00,6.719479960413822
2025-07-04 15:00,10.102730039873016
2025-07-04 16:00,15.604689865326238
2025-07-04 17:00,15.322215910510355
2025-07-04 18:00,18.633176327145144
2025-07-04 19:00,16.97069411893465
2025-07-04 20:00,23.16364553197439
2025-07-04 21:00,14.661566693489117
2025-07-04 22:00,15.292292629581306
2025-07-04 23:00,11.753836437711831
2025-07-05 00:00,11.760048795043096
2025-07-05 01:00,14.017280223159194
2025-07-05 02:00,15.979985886834953
2025-07-05 03:00,14.941635056224154
2025-07-05 04:00,8.910737264704652
2025-07-05 05:00,8.436922867925096
2025-07-05 06:00,11.995094581340117
2025-07-05 07:00,17.02288420059075
2025-07-05 08:00,20.30229859961665
2025-07-05 09:00,15.88878798556777
2025-07-05 10:00,16.87237414645473
2025-07-05 11:00,6.468517839263868
2025-07-05 12:00,5.881480783983734
2025-07-05 13:00,9.51125840076807
2025-07-05 14:00,4.988897384459374
2025-07-05 15:00,4.879211793756339
2025-07-05 16:00,6.496982554684451
2025-07-05 17:00,10.685433014199326
2025-07-05 18:00,15.58511829825503
2025-07-05 19:00,17.432096331000597
2025-07-05 20:00,15.666238694662688
2025-07-05 21:00,8.502668071779599
2025-07-05 22:00,8.287873014848493
2025-07-05 23:00,10.45219631188878
2025-07-06 00:00,7.880757745730995
2025-07-06 01:00,11.175650113018348
2025-07-06 02:00,15.89622119271674
2025-07-06 03:00,13.683308280880004
2025-07-06 04:00,6.691686769812543
2025-07-06 05:00,8.172857446883894
2025-07-06 06:00,7.922303624414685
2025-07-06 07:00,11.915579010134541
2025-07-06 08:00,10.067027802228296
2025-07-06 09:00,5.157528964423502
2025-07-06 10:00,1.11979832366728
2025-07-06 11:00,0.0
2025-07-06 12:00,0.0
2025-07-06 13:00,0.9332563923847949
2025-07-06 14:00,3.6466394376156637
2025-07-06 15:00,2.407445413740654
2025-07-06 16:00,1.8405336563905146
2025-07-06 17:00,1.7960456391188582
2025-07-06 18:00,6.5947161781806445
2025-07-06 19:00,12.970221622876997
2025-07-06 20:00,5.109064243741759
2025-07-06 21:00,3.1774953799798804
2025-07-06 22:00,3.6879356316271936
2025-07-06 23:00,1.9391587431849455
2025-07-07 00:00,8.318719364283721
2025-07-07 01:00,6.382671672573619
2025-07-07 02:00,3.3645036476087293
2025-07-07 03:00,3.636921188096326
2025-07-07 04:00,2.478671299626027
2025-07-07 05:00,2.323973147937029
2025-07-07 06:00,1.23118327333385
2025-07-07 07:00,2.2795392400560504
2025-07-07 08:00,0.43114211463541835
2025-07-07 09:00,0.5485594397591551
2025-07-07 10:00,0.8731414378944564
2025-07-07 11:00,0.0
2025-07-07 12:00,0.0
2025-07-07 13:00,0.5548655457854643
2025-07-07 14:00,1.28072746256856
2025-07-07 15:00,1.8209911439878965
2025-07-07 16:00,2.9211554263175965
2025-07-07 17:00,0.23857188842819427
2025-07-07 18:00,0.6378754383287548
2025-07-07 19:00,0.47604222434901117
2025-07-07 20:00,0.3492423266900758
2025-07-07 21:00,0.13282937909965442
2025-07-07 22:00,0.02353394855571223
2025-07-07 23:00,0.9110063015665315
2025-07-08 00:00,3.3495649309797053
2025-07-08 01:00,2.0978961756778616
2025-07-08 02:00,2.372620611441428
2025-07-08 03:00,1.8339553247377862
2025-07-08 04:00,1.0393750922067835
2025-07-08 05:00,1.048947397360082
2025-07-08 06:00,0.9130262662146271
2025-07-08 07:00,1.377724724813123
2025-07-08 08:00,0.0
2025-07-08 09:00,0.3045966055200094
2025-07-08 10:00,1.4582962578519616
2025-07-08 11:00,0.6199405842090708
2025-07-08 12:00,0.0
2025-07-08 13:00,0.0
2025-07-08 14:00,0.0
2025-07-08 15:00,1.1899213229632009
2025-07-08 16:00,1.6631155188842992
2025-07-08 17:00,1.3894993222118308
2025-07-08 18:00,0.5952913280745593
2025-07-08 19:00,2.048229055210504
2025-07-08 20:00,0.7740290508049416
2025-07-08 21:00,8.23503648189801
2025-07-08 22:00,1.530723358029119
2025-07-08 23:00,2.6065036756557394
2025-07-09 00:00,4.318000440552939
2025-07-09 01:00,6.5640999900074295
2025-07-09 02:00,5.409989709279104
2025-07-09 03:00,4.960236549325985
2025-07-09 04:00,2.550470840949327
2025-07-09 05:00,2.333746195705044
2025-07-09 06:00,2.3628593707204466
2025-07-09 07:00,2.196073796634922
2025-07-09 08:00,0.22972128259845426
2025-07-09 09:00,0.41192863244009886
2025-07-09 10:00,0.6460094587596197
2025-07-09 11:00,0.5260002235944661
2025-07-09 12:00,0.0
2025-07-09 13:00,0.0
2025-07-09 14:00,0.6903240795767434
2025-07-09 15:00,0.0
2025-07-09 16:00,1.558174173681714
2025-07-09 17:00,0.9974084245670758
2025-07-09 18:00,1.1251838409835022
2025-07-09 19:00,3.340905045318652
2025-07-09 20:00,1.0197971769389191
2025-07-09 21:00,1.0878245833224882
2025-07-09 22:00,1.0797084478736194
2025-07-09 23:00,2.2106947775154895
2025-07-10 00:00,1.9361431485633107
2025-07-10 01:00,3.17465063771596
2025-07-10 02:00,2.480092381001179
2025-07-10 03:00,1.202177968416649
2025-07-10 04:00,1.3156404392213785
2025-07-10 05:00,2.248590329645153
2025-07-10 06:00,2.5227815810790113
2025-07-10 07:00,2.85135030176975
2025-07-10 08:00,0.10155082808376323
2025-07-10 09:00,0.13132312641899627
2025-07-10 10:00,0.4937144958089096
2025-07-10 11:00,0.12615425507770514
2025-07-10 12:00,0.0717299906429381
2025-07-10 13:00,1.308500093328342
2025-07-10 14:00,1.8809024445142697
2025-07-10 15:00,3.7952426262793444
2025-07-10 16:00,5.40930545311008
2025-07-10 17:00,7.446324259608334
2025-07-10 18:00,9.323756798455097
2025-07-10 19:00,8.1819792170156
2025-07-10 20:00,5.349814397503619
2025-07-10 21:00,3.583958301844604
2025-07-10 22:00,3.6533674333033432
2025-07-10 23:00,2.37603910168333
2025-07-11 00:00,4.754747839948574
2025-07-11 01:00,4.6401896043760535
2025-07-11 02:00,4.716667457600837
2025-07-11 03:00,4.575624217824467
2025-07-11 04:00,4.208608232347566
2025-07-11 05:00,4.314981114733942
2025-07-11 06:00,3.4102258570872603
2025-07-11 07:00,2.8617800487914065
2025-07-11 08:00,4.522587925870037
2025-07-11 09:00,0.802646719485357
2025-07-11 10:00,0.09212553535064807
2025-07-11 11:00,0.0
2025-07-11 12:00,0.0
2025-07-11 13:00,0.0
2025-07-11 14:00,0.027917462058368904
2025-07-11 15:00,0.34015019945512
2025-07-11 16:00,2.7685884934755114
2025-07-11 17:00,6.122194332468864
2025-07-11 18:00,8.761731198338873
2025-07-11 19:00,10.879047249807622
2025-07-11 20:00,10.322646769904916
2025-07-11 21:00,8.700202701549395
2025-07-11 22:00,5.895146995556303
2025-07-11 23:00,4.329393561248389
2025-07-12 00:00,4.4678927872103085
2025-07-12 01:00,2.0182149437436325
2025-07-12 02:00,0.7176358992356363
2025-07-12 03:00,2.729566554326521
2025-07-12 04:00,2.4422603335355144
2025-07-12 05:00,2.6561720200580603
2025-07-12 06:00,2.2077373235588023
2025-07-12 07:00,1.8475394725659922
2025-07-12 08:00,0.07866534848347795
2025-07-12 09:00,0.43255378402003075
2025-07-12 10:00,0.399125128175709
2025-07-12 11:00,0.0669092395496108
2025-07-12 12:00,0.0
2025-07-12 13:00,0.0
2025-07-12 14:00,0.0
2025-07-12 15:00,0.0
2025-07-12 16:00,3.0702669146756882
2025-07-12 17:00,1.5063036749309677
2025-07-12 18:00,0.6784385258311079
2025-07-12 19:00,1.2660085020982865
2025-07-12 20:00,2.00620839491754
2025-07-12 21:00,0.907532303521145
2025-07-12 22:00,0.01407990304052553
2025-07-12 23:00,0.0
2025-07-13 00:00,3.523446284941881
2025-07-13 01:00,4.262058255158793
2025-07-13 02:00,1.117783989209678
2025-07-13 03:00,2.515993648813104
2025-07-13 04:00,0.5093522633159518
2025-07-13 05:00,0.6840869840718731
2025-07-13 06:00,0.9007320149323153
2025-07-13 07:00,0.5130913726643201
2025-07-13 08:00,0.3188876544704217
2025-07-13 09:00,0.6501834262348952
2025-07-13 10:00,0.40252071676814855
2025-07-13 11:00,0.25673052122193085
2025-07-13 12:00,0.4175528248671164
2025-07-13 13:00,0.0
2025-07-13 14:00,0.6316102654603823
2025-07-13 15:00,0.0
2025-07-13 16:00,0.0
2025-07-13 17:00,1.1493763741490188
2025-07-13 18:00,1.1639169088921648
2025-07-13 19:00,0.18230765797378706
2025-07-13 20:00,0.0
2025-07-13 21:00,2.3115456238077385
2025-07-13 22:00,0.911422219823532
2025-07-13 23:00,3.178898061007823
2025-07-14 00:00,3.31523469476949
2025-07-14 01:00,2.531238012912277
2025-07-14 02:00,5.663573111912711
2025-07-14 03:00,4.327093573949677
2025-07-14 04:00,2.1162670382617876
2025-07-14 05:00,2.9825228163525668
2025-07-14 06:00,5.466243625963997
2025-07-14 07:00,3.9319725856703225
2025-07-14 08:00,1.0268997272948697
2025-07-14 09:00,2.1423803465285123
2025-07-14 10:00,2.506485173620167
2025-07-14 11:00,3.502670181064539
2025-07-14 12:00,3.8207462257920954
2025-07-14 13:00,3.6097746008136635
2025-07-14 14:00,4.178028048194988
2025-07-14 15:00,5.339324124023972
2025-07-14 16:00,5.908393882641769
2025-07-14 17:00,4.94054707359673
2025-07-14 18:00,4.067088107271675
2025-07-14 19:00,4.163835300942037
2025-07-14 20:00,2.4371960513266635
2025-07-14 21:00,2.888036873535058
2025-07-14 22:00,14.014881899978295
2025-07-14 23:00,3.0321451498358583
2025-07-15 00:00,3.446198913872208
2025-07-15 01:00,10.972606331674665
2025-07-15 02:00,14.683841207651703
2025-07-15 03:00,16.060340184276168
2025-07-15 04:00,11.540528556172157
2025-07-15 05:00,7.694409916889452
2025-07-15 06:00,10.780555637946046
2025-07-15 07:00,13.573595611970983
2025-07-15 08:00,16.946596290587546
2025-07-15 09:00,11.195488919107296
2025-07-15 10:00,12.615797978672118
2025-07-15 11:00,7.44470491554563
2025-07-15 12:00,16.336872045560376
2025-07-15 13:00,9.54200085479911
2025-07-15 14:00,9.647930300876041
2025-07-15 15:00,8.642753302747094
2025-07-15 16:00,13.73589527870286
2025-07-15 17:00,3.244896807129316
2025-07-15 18:00,7.1072930879537894
2025-07-15 19:00,4.500682499096438
2025-07-15 20:00,8.133349731422149
2025-07-15 21:00,24.709558704944754
2025-07-15 22:00,15.502975579719731
2025-07-15 23:00,29.15761195738264
2025-07-16 00:00,16.532487696496414
2025-07-16 01:00,28.336379173796125
2025-07-16 02:00,24.666077102136235
2025-07-16 03:00,21.500128196059265
2025-07-16 04:00,20.922876341855225
2025-07-16 05:00,18.00290371302116
2025-07-16 06:00,20.92818285347223
2025-07-16 07:00,17.40694590024381
2025-07-16 08:00,20.415506980263768
2025-07-16 09:00,27.176439896816653
2025-07-16 10:00,21.321215588635596
2025-07-16 11:00,23.823934216158314
2025-07-16 12:00,21.87515118619034
2025-07-16 13:00,21.82530866514399
2025-07-16 14:00,30.669560479695466
2025-07-16 15:00,19.944746087478794
2025-07-16 16:00,37.02321555317555
2025-07-16 17:00,27.31503766303474
2025-07-16 18:00,35.79019875789559
2025-07-16 19:00,17.52819364177899
2025-07-16 20:00,25.25456155285719
2025-07-16 21:00,43.48272450319944
2025-07-16 22:00,43.8826641616536
2025-07-16 23:00,43.56234882746711
2025-07-17 00:00,51.691710765972424
2025-07-17 01:00,52.72022434479083
2025-07-17 02:00,50.668913835201245
2025-07-17 03:00,48.05448246080623
2025-07-17 04:00,42.63698222339847
2025-07-17 05:00,49.56081774920366
2025-07-17 06:00,44.53190028335611
2025-07-17 07:00,45.68749774107345
2025-07-17 08:00,39.5529659267074
2025-07-17 09:00,41.97943648166679
2025-07-17 10:00,30.001584743949756
2025-07-17 11:00,24.299513716766953
2025-07-17 12:00,12.779116021227077
2025-07-17 13:00,23.567236473132354
2025-07-17 14:00,26.13064696594114
2025-07-17 15:00,21.984514555565212
2025-07-17 16:00,28.98443010213569
2025-07-17 17:00,35.35873637893215
2025-07-17 18:00,29.1149778593948
2025-07-17 19:00,33.66927176590912
2025-07-17 20:00,37.883286772909074
2025-07-17 21:00,46.63071689874362
2025-07-17 22:00,43.44952482653998
2025-07-17 23:00,43.556840225858465
2025-07-18 00:00,39.88933811776615
2025-07-18 01:00,38.876492054727365
2025-07-18 02:00,43.89305728943263
2025-07-18 03:00,36.33402388305896
2025-07-18 04:00,43.99142269444558
2025-07-18 05:00,36.76843725769629
2025-07-18 06:00,35.56303497262039
2025-07-18 07:00,32.52265793731242
2025-07-18 08:00,39.71980859714319
2025-07-18 09:00,17.418500661670134
2025-07-18 10:00,18.636128750474533
2025-07-18 11:00,23.156902375464902
2025-07-18 12:00,6.209709017730766
2025-07-18 13:00,6.7381185699256845
2025-07-18 14:00,3.624567473592591
2025-07-18 15:00,5.5335706598301115
2025-07-18 16:00,4.24376127545646
2025-07-18 17:00,3.514349009915299
2025-07-18 18:00,8.833311154814352
2025-07-18 19:00,2.1759674916723384
2025-07-18 20:00,1.1192772842222918
2025-07-18 21:00,4.282796874601494
2025-07-18 22:00,7.1477233385900085
2025-07-18 23:00,1.9941641789791178
2025-07-19 00:00,28.173679632085552
2025-07-19 01:00,25.128049325174555
2025-07-19 02:00,20.576814164856685
2025-07-19 03:00,26.2492142380011
2025-07-19 04:00,25.406377811804965
2025-07-19 05:00,28.971351684862505
2025-07-19 06:00,27.705129308189385
2025-07-19 07:00,26.425286310086456
2025-07-19 08:00,39.101118855829434
2025-07-19 09:00,25.521901361892187
2025-07-19 10:00,14.894352939453334
2025-07-19 11:00,16.3942129759764
2025-07-19 12:00,33.9388426038813
2025-07-19 13:00,41.49067212591035
2025-07-19 14:00,36.25628916353309
2025-07-19 15:00,24.89611766993197
2025-07-19 16:00,28.04939158295409
2025-07-19 17:00,31.773563798052855
2025-07-19 18:00,27.169497716731463
2025-07-19 19:00,30.537427927506382
2025-07-19 20:00,29.231970324381027
2025-07-19 21:00,13.644070750306087
2025-07-19 22:00,13.295034910503045
2025-07-19 23:00,11.923464199103993
2025-07-20 00:00,22.79826718819167
2025-07-20 01:00,17.84695419293332
2025-07-20 02:00,10.779384724123192
2025-07-20 03:00,18.417467366841095
2025-07-20 04:00,18.58545154287806
2025-07-20 05:00,18.073269340427483
2025-07-20 06:00,17.75353485815831
2025-07-20 07:00,22.47305003739136
2025-07-20 08:00,18.300931788411024
2025-07-20 09:00,9.969705991750004
2025-07-20 10:00,8.407245295900557
2025-07-20 11:00,6.14281508677567
2025-07-20 12:00,6.728819905212442
2025-07-20 13:00,6.163743758711556
2025-07-20 14:00,2.9983663711871458
2025-07-20 15:00,5.302300805366032
2025-07-20 16:00,6.607184086462787
2025-07-20 17:00,10.793904577362005
2025-07-20 18:00,14.93905678532197
2025-07-20 19:00,17.144899596814508
2025-07-20 20:00,17.73131209828328
2025-07-20 21:00,8.55813450279978
2025-07-20 22:00,14.053687109378254
2025-07-20 23:00,15.621345338889581
2025-07-21 00:00,9.754534572351846
2025-07-21 01:00,23.259875929545323
2025-07-21 02:00,15.761336035386725
2025-07-21 03:00,15.915322362121996
2025-07-21 04:00,10.6923842541671
2025-07-21 05:00,8.408308235335701
2025-07-21 06:00,9.342088538023432
2025-07-21 07:00,7.61852474336723
2025-07-21 08:00,12.102494014993752
2025-07-21 09:00,7.174116062071974
2025-07-21 10:00,5.36317744580615
2025-07-21 11:00,13.630842985191792
2025-07-21 12:00,10.036317162433889
2025-07-21 13:00,0.5093117146658451
2025-07-21 14:00,6.756992984941996
2025-07-21 15:00,2.9021598229889114
2025-07-21 16:00,1.0353842124186503
2025-07-21 17:00,1.644371559216394
2025-07-21 18:00,1.7120437788765375
2025-07-21 19:00,2.1231167422917196
2025-07-21 20:00,10.698596697820895
2025-07-21 21:00,3.052383850409998
2025-07-21 22:00,3.539329333269199
2025-07-21 23:00,2.015428017504578
2025-07-22 00:00,3.6806137184646657
2025-07-22 01:00,6.299925117362534
2025-07-22 02:00,2.0935736869658372
2025-07-22 03:00,2.897437371266186
2025-07-22 04:00,0.6927487868256536
2025-07-22 05:00,0.9627656918248676
2025-07-22 06:00,0.5944374138183156
2025-07-22 07:00,3.6602649514390078
2025-07-22 08:00,0.8512639807376454
2025-07-22 09:00,0.5497212319807933
2025-07-22 10:00,0.5710848830273323
2025-07-22 11:00,2.0630024268362708
2025-07-22 12:00,0.14467599998415417
2025-07-22 13:00,0.0
2025-07-22 14:00,0.8215423444488872
2025-07-22 15:00,0.8388375308276057
2025-07-22 16:00,0.11973139262817632
2025-07-22 17:00,0.0
2025-07-22 18:00,0.6196102579810607
2025-07-22 19:00,0.16900085343530002
2025-07-22 20:00,0.0
2025-07-22 21:00,0.0
2025-07-22 22:00,0.16468144448964658
2025-07-22 23:00,0.0
2025-07-23 00:00,1.275239507380099
2025-07-23 01:00,0.3939643447191621
2025-07-23 02:00,0.388608684113756
2025-07-23 03:00,0.23112354287750989
2025-07-23 04:00,0.575619768149329
2025-07-23 05:00,0.3946930312453057
2025-07-23 06:00,0.18818092733067482
2025-07-23 07:00,1.024948308475336
2025-07-23 08:00,0.09920995103563744
2025-07-23 09:00,0.8002880367814017
2025-07-23 10:00,0.3560405381576081
2025-07-23 11:00,0.2072890326103295
2025-07-23 12:00,0.30669714985835195
2025-07-23 13:00,0.0
2025-07-23 14:00,0.08070971968832086
2025-07-23 15:00,0.8467583676975291
2025-07-23 16:00,1.3921883555118566
2025-07-23 17:00,0.0
2025-07-23 18:00,0.0
2025-07-23 19:00,0.07342048657134809
2025-07-23 20:00,0.0
2025-07-23 21:00,0.6427724281113206
2025-07-23 22:00,0.4399688624502343
2025-07-23 23:00,0.5161523919993528
2025-07-24 00:00,2.0766086965774635
2025-07-24 01:00,1.9432170175917085
2025-07-24 02:00,0.35596416419309534
2025-07-24 03:00,0.177270305315168
2025-07-24 04:00,0.7048552096959315
2025-07-24 05:00,0.36747929240368044
2025-07-24 06:00,0.484550737428124
2025-07-24 07:00,1.3367128930228085
2025-07-24 08:00,0.0
2025-07-24 09:00,0.005645288295048114
2025-07-24 10:00,0.9665187058321071
2025-07-24 11:00,0.23847802430977919
2025-07-24 12:00,0.04176020600716026
2025-07-24 13:00,0.0
2025-07-24 14:00,0.0
2025-07-24 15:00,1.3074078952316706
2025-07-24 16:00,0.9389352866294058
2025-07-24 17:00,1.7111376163355072
2025-07-24 18:00,0.71187058042116
2025-07-24 19:00,0.0
2025-07-24 20:00,0.89324697475166
2025-07-24 21:00,0.40238011076918473
2025-07-24 22:00,0.8141879637228414
2025-07-24 23:00,0.6309072292456744
2025-07-25 00:00,1.428694406065819
2025-07-25 01:00,4.382583201961701
2025-07-25 02:00,4.563166580018716
2025-07-25 03:00,1.9640220492402072
2025-07-25 04:00,1.9393137974810402
2025-07-25 05:00,1.3260789238092483
2025-07-25 06:00,0.8564332761310661
2025-07-25 07:00,2.1327577306917993
2025-07-25 08:00,0.2671079680176051
2025-07-25 09:00,0.3824184531014199
2025-07-25 10:00,0.324841345805641
2025-07-25 11:00,0.4147599573283886
2025-07-25 12:00,0.7318148826147779
2025-07-25 13:00,0.0
2025-07-25 14:00,0.0
2025-07-25 15:00,0.0
2025-07-25 16:00,0.5798156234258764
2025-07-25 17:00,0.11132735559322356
2025-07-25 18:00,0.8551338523863147
2025-07-25 19:00,0.9033569954982429
2025-07-25 20:00,0.4646382696775277
2025-07-25 21:00,0.8315008055018189
2025-07-25 22:00,0.5030385198704301
2025-07-25 23:00,0.5384217002113747
2025-07-26 00:00,4.363559357430466
2025-07-26 01:00,4.058969395767376
2025-07-26 02:00,3.1153217388167684
2025-07-26 03:00,2.6622377699908766
2025-07-26 04:00,2.3076075708463484
2025-07-26 05:00,1.6321281058476613
2025-07-26 06:00,2.119095102017911
2025-07-26 07:00,3.1953542056673943
2025-07-26 08:00,0.20679121707772452
2025-07-26 09:00,0.12595748590635666
2025-07-26 10:00,0.6153211086080108
2025-07-26 11:00,0.0
2025-07-26 12:00,0.6084465864493495
2025-07-26 13:00,0.9500578808673494
2025-07-26 14:00,1.9609788785123559
2025-07-26 15:00,0.7207399687906366
2025-07-26 16:00,3.568732106037168
2025-07-26 17:00,3.8654391379423347
2025-07-26 18:00,6.01533922687516
2025-07-26 19:00,4.110272544501378
2025-07-26 20:00,8.286838829535489
2025-07-26 21:00,7.4740139901887535
2025-07-26 22:00,7.157508218345286
2025-07-26 23:00,2.680231518619887
2025-07-27 00:00,3.0355083469466346
2025-07-27 01:00,4.116235374767271
2025-07-27 02:00,2.7698800976757783
2025-07-27 03:00,2.668533419818597
2025-07-27 04:00,3.9270545217257284
2025-07-27 05:00,2.6034998648908627
2025-07-27 06:00,2.115602290022665
2025-07-27 07:00,1.5640873038373824
2025-07-27 08:00,1.1484712109077044
2025-07-27 09:00,0.5542542069936158
2025-07-27 10:00,0.6245091609626352
2025-07-27 11:00,0.1852764762018085
2025-07-27 12:00,0.0
2025-07-27 13:00,0.8027852266485183
2025-07-27 14:00,0.0
2025-07-27 15:00,0.0
2025-07-27 16:00,0.0
2025-07-27 17:00,0.22778365300201692
2025-07-27 18:00,1.7573029029803706
2025-07-27 19:00,0.5178688256655726
2025-07-27 20:00,0.0
2025-07-27 21:00,0.2257905224881702
2025-07-27 22:00,0.19625102532786695
2025-07-27 23:00,0.7393901430150297
2025-07-28 00:00,5.243587426303297
2025-07-28 01:00,0.8511655626331182
2025-07-28 02:00,0.9268938276346267
2025-07-28 03:00,4.439931389213383
2025-07-28 04:00,1.7706090385336735
2025-07-28 05:00,0.9264332143968592
2025-07-28 06:00,0.5891938590861463
2025-07-28 07:00,1.390706830394847
2025-07-28 08:00,0.0
2025-07-28 09:00,0.4415044617280199
2025-07-28 10:00,0.0
2025-07-28 11:00,0.0
2025-07-28 12:00,0.5179349275936426
2025-07-28 13:00,0.8728511807053349
2025-07-28 14:00,0.41588186204892935
2025-07-28 15:00,1.070679009810866
2025-07-28 16:00,1.2610235074844056
2025-07-28 17:00,1.5090050972916074
2025-07-28 18:00,0.6064008453993934
2025-07-28 19:00,0.41526031216478293
2025-07-28 20:00,0.4947395250625984
2025-07-28 21:00,0.6540684024297475
2025-07-28 22:00,0.2638642925271854
2025-07-28 23:00,0.7298391112511007
2025-07-29 00:00,2.0133066871542864
2025-07-29 01:00,0.7775684794844024
2025-07-29 02:00,0.548774206473521
2025-07-29 03:00,0.517010276195868
2025-07-29 04:00,0.7927996229688027
2025-07-29 05:00,0.8425234488370104
2025-07-29 06:00,1.032024119912348
2025-07-29 07:00,2.477643652666106
2025-07-29 08:00,0.0
2025-07-29 09:00,0.2291908439393117
2025-07-29 10:00,0.7280448777864506
2025-07-29 11:00,1.5017330802837026
2025-07-29 12:00,0.0
2025-07-29 13:00,0.0
2025-07-29 14:00,0.0
2025-07-29 15:00,3.359997201463111
2025-07-29 16:00,3.909334010991284
2025-07-29 17:00,4.058672025124599
2025-07-29 18:00,2.484423465306548
2025-07-29 19:00,0.10741140279908241
2025-07-29 20:00,0.07735665453014488
2025-07-29 21:00,0.43493120497180376
2025-07-29 22:00,0.562216573963509
2025-07-29 23:00,0.5695334110845364
2025-07-30 00:00,0.9982235811281698
2025-07-30 01:00,1.4957986711691156
2025-07-30 02:00,0.18638073617737327
2025-07-30 03:00,0.388819661478579
2025-07-30 04:00,0.5434253391202991
2025-07-30 05:00,0.5387208150604127
2025-07-30 06:00,0.31641493448467634
2025-07-30 07:00,0.44369239130577925
2025-07-30 08:00,0.0
2025-07-30 09:00,0.8759447690101377
2025-07-30 10:00,0.04128581718421579
2025-07-30 11:00,0.635200328945563
2025-07-30 12:00,0.2545164919917806
2025-07-30 13:00,1.136339155716351
2025-07-30 14:00,2.084845104638144
2025-07-30 15:00,3.479861311567368
2025-07-30 16:00,2.437140653009915
2025-07-30 17:00,2.935365111023658
2025-07-30 18:00,4.298416696431973
2025-07-30 19:00,7.171130768152729
2025-07-30 20:00,17.987343259769375
2025-07-30 21:00,4.799041801337484
2025-07-30 22:00,0.0
2025-07-30 23:00,0.8064604580119181
2025-07-31 00:00,14.356674727931189
2025-07-31 01:00,11.714334415041245
2025-07-31 02:00,10.836787574965152
2025-07-31 03:00,1.6317041897725317
2025-07-31 04:00,1.2995843527138382
2025-07-31 05:00,1.287740105278947
2025-07-31 06:00,0.7434121419086035
2025-07-31 07:00,1.8049657537576245
2025-07-31 08:00,0.6876696092596216
2025-07-31 09:00,0.26770176365134185
2025-07-31 10:00,0.6058486213669358
2025-07-31 11:00,0.4344638457831337
2025-07-31 12:00,1.0841483414429371
2025-07-31 13:00,0.03250060111422023
2025-07-31 14:00,0.0
2025-07-31 15:00,2.533038787812151
2025-07-31 16:00,3.032744117928637
2025-07-31 17:00,0.7768126628720464
2025-07-31 18:00,2.157654091119232
2025-07-31 19:00,1.8163926414929006
2025-07-31 20:00,0.6578592410425086
2025-07-31 21:00,1.7760784192989565
2025-07-31 22:00,1.0263801072524557
2025-07-31 23:00,1.9279418689077876
2025-08-01 00:00,2.8196728825606265
2025-08-01 01:00,2.4060057841051385
2025-08-01 02:00,2.8457333120269874
2025-08-01 03:00,2.2845024780045144
2025-08-01 04:00,1.210799898679915
2025-08-01 05:00,1.0556318046134001
2025-08-01 06:00,0.7516438363659264
2025-08-01 07:00,1.9674910313643639
2025-08-01 08:00,0.4429198822561133
2025-08-01 09:00,0.6660443119117221
2025-08-01 10:00,0.9245940118350682
2025-08-01 11:00,0.7949205616253853
2025-08-01 12:00,0.5456812939809554
2025-08-01 13:00,0.23017785505059127
2025-08-01 14:00,0.31721078805696856
2025-08-01 15:00,0.5867382749782895
2025-08-01 16:00,1.0945146799352965
2025-08-01 17:00,1.3622143731501724
2025-08-01 18:00,2.569470249118864
2025-08-01 19:00,1.3001706141008986
2025-08-01 20:00,1.4568175433622668
2025-08-01 21:00,1.1921881096082492
2025-08-01 22:00,1.7237964900571239
2025-08-01 23:00,0.6555162428136505
2025-08-02 00:00,3.721508934155972
2025-08-02 01:00,5.946962616668034
2025-08-02 02:00,3.515230385570992
2025-08-02 03:00,1.850420752422726
2025-08-02 04:00,1.6682586232531265
2025-08-02 05:00,2.227140426321985
2025-08-02 06:00,3.551183731078707
2025-08-02 07:00,2.251086705567358
2025-08-02 08:00,2.1045270054580105
2025-08-02 09:00,2.389009157098503
2025-08-02 10:00,0.6682069440968179
2025-08-02 11:00,0.4206334595914956
2025-08-02 12:00,1.4844660441580675
2025-08-02 13:00,0.2806639958211647
2025-08-02 14:00,0.6987655866545145
2025-08-02 15:00,1.5577995234726996
2025-08-02 16:00,1.846560536111031
2025-08-02 17:00,3.023746824303481
2025-08-02 18:00,0.8864209008435604
2025-08-02 19:00,1.0348471997573605
2025-08-02 20:00,1.5399349309466779
2025-08-02 21:00,1.9378846086131896
2025-08-02 22:00,1.6764635539391217
2025-08-02 23:00,0.8294590980945266
2025-08-03 00:00,3.640016498225507
2025-08-03 01:00,3.2370171086890718
2025-08-03 02:00,5.259295267201986
2025-08-03 03:00,2.341395566856852
2025-08-03 04:00,2.9219712617903832
2025-08-03 05:00,2.0364875385029952
2025-08-03 06:00,3.373514180507634
2025-08-03 07:00,1.8242597834632617
2025-08-03 08:00,0.8623460368580216
2025-08-03 09:00,1.7206881663563145
2025-08-03 10:00,1.3940375867130492
2025-08-03 11:00,1.9532306396005015
2025-08-03 12:00,0.49360295818790006
2025-08-03 13:00,0.5513899282112019
2025-08-03 14:00,2.3229903756098027
2025-08-03 15:00,1.9791725409229959
2025-08-03 16:00,3.5473582317438654
2025-08-03 17:00,3.4664618828140994
2025-08-03 18:00,2.973039796664022
2025-08-03 19:00,1.7258903617676362
2025-08-03 20:00,2.032578744442636
2025-08-03 21:00,5.423330109230611
2025-08-03 22:00,7.615432619495965
2025-08-03 23:00,7.789976810968453
2025-08-04 00:00,44.34996421279928
2025-08-04 01:00,42.56702951862464
2025-08-04 02:00,43.96848933596166
2025-08-04 03:00,35.44451237823144
2025-08-04 04:00,33.39921832109672
2025-08-04 05:00,21.004089633855628
2025-08-04 06:00,32.954844670823356
2025-08-04 07:00,28.20327727961564
2025-08-04 08:00,27.994314048991143
2025-08-04 09:00,21.16802517974987
2025-08-04 10:00,28.658656494680663
2025-08-04 11:00,17.78474240364188
2025-08-04 12:00,21.73989314326836
2025-08-04 13:00,18.906894834396745
2025-08-04 14:00,32.21096484125785
2025-08-04 15:00,34.38489559011498
2025-08-04 16:00,34.042007885718554
2025-08-04 17:00,33.19437584224523
2025-08-04 18:00,25.548511292060468
2025-08-04 19:00,26.12730297904364
2025-08-04 20:00,23.167093434892777
2025-08-04 21:00,24.284686806380407
2025-08-04 22:00,27.194763476677622
2025-08-04 23:00,20.94293123256724
2025-08-05 00:00,1.3998063829697336
2025-08-05 01:00,1.9471895928170504
2025-08-05 02:00,1.5387811676814847
2025-08-05 03:00,1.595684953814478
2025-08-05 04:00,2.2132096582599363
2025-08-05 05:00,1.8253672469583646
2025-08-05 06:00,1.7264458610104043
2025-08-05 07:00,1.461042221896376
2025-08-05 08:00,0.02230300805406632
2025-08-05 09:00,0.23268642999925443
2025-08-05 10:00,2.6239717443327897
2025-08-05 11:00,1.3253797142073793
2025-08-05 12:00,1.0224351275215915
2025-08-05 13:00,18.70586400609202
2025-08-05 14:00,15.76336734067372
2025-08-05 15:00,23.634164634002367
2025-08-05 16:00,25.64093157870326
2025-08-05 17:00,30.05538996242067
2025-08-05 18:00,31.28022812694868
2025-08-05 19:00,32.279717616011176
2025-08-05 20:00,30.15473999763826
2025-08-05 21:00,34.78536212852396
2025-08-05 22:00,35.62695330930227
2025-08-05 23:00,41.71867246563412
2025-08-06 00:00,34.94563813916044
2025-08-06 01:00,32.073850975148744
2025-08-06 02:00,31.658744882778322
2025-08-06 03:00,30.793430371887844
2025-08-06 04:00,20.964462166573565
2025-08-06 05:00,19.200555860133296
2025-08-06 06:00,20.926631738866984
2025-08-06 07:00,32.66803300827877
2025-08-06 08:00,34.74125410718346
2025-08-06 09:00,32.08172955437288
2025-08-06 10:00,33.5714502719697
2025-08-06 11:00,27.94817688956175
2025-08-06 12:00,32.89121281212594
2025-08-06 13:00,39.458060148360175
2025-08-06 14:00,38.809093104953945
2025-08-06 15:00,36.521008973993155
2025-08-06 16:00,34.109461600174065
2025-08-06 17:00,35.31295578516205
2025-08-06 18:00,37.01070452907947
2025-08-06 19:00,33.93275880456948
2025-08-06 20:00,30.564146206336645
2025-08-06 21:00,29.53271784286096
2025-08-06 22:00,18.119509173637184
2025-08-06 23:00,13.340826160819553
2025-08-07 00:00,12.27868807505943
2025-08-07 01:00,9.755214536483695
2025-08-07 02:00,7.083295669294165
2025-08-07 03:00,5.936519881824914
2025-08-07 04:00,5.966265485721395
2025-08-07 05:00,3.1221363504658037
2025-08-07 06:00,2.9717802646315183
2025-08-07 07:00,2.640742914118689
2025-08-07 08:00,1.7358124684978826
2025-08-07 09:00,1.5304592340605634
2025-08-07 10:00,0.43654414297374794
2025-08-07 11:00,0.6309458037813734
2025-08-07 12:00,0.9596181739786497
2025-08-07 13:00,1.8646523314996764
2025-08-07 14:00,0.7896096133129263
2025-08-07 15:00,1.2946861424054377
2025-08-07 16:00,1.6166480431555903
2025-08-07 17:00,1.7156765657592188
2025-08-07 18:00,2.500609941488967
2025-08-07 19:00,1.4416257465907811
2025-08-07 20:00,1.220757797248269
2025-08-07 21:00,1.5039737627613508
2025-08-07 22:00,0.7259779521887445
2025-08-07 23:00,0.8541611451468037
2025-08-08 00:00,4.649667712764966
2025-08-08 01:00,3.9163037169844213
2025-08-08 02:00,1.0513139413124628
2025-08-08 03:00,3.926163967377582
2025-08-08 04:00,3.4559504927269753
2025-08-08 05:00,3.0036062546720816
2025-08-08 06:00,2.2791193436092714
2025-08-08 07:00,1.6188292765485839
2025-08-08 08:00,1.0497504743443113
2025-08-08 09:00,0.9711061553393285
2025-08-08 10:00,1.2438089142458773
2025-08-08 11:00,1.1568987985745063
2025-08-08 12:00,0.275903189314378
2025-08-08 13:00,0.22857254237472346
2025-08-08 14:00,0.4809232700254205
2025-08-08 15:00,0.8419523049164234
2025-08-08 16:00,0.6090144965996112
2025-08-08 17:00,1.4152804283857356
2025-08-08 18:00,1.3097774398823603
2025-08-08 19:00,0.9123489292291612
2025-08-08 20:00,0.201718342688616
2025-08-08 21:00,2.346274797260252
2025-08-08 22:00,1.7661762332620263
2025-08-08 23:00,0.4644081149361518
2025-08-09 00:00,6.223152835480385
2025-08-09 01:00,1.8843236591410983
2025-08-09 02:00,0.6999837924684755
2025-08-09 03:00,1.4459689421541233
2025-08-09 04:00,5.136730463403697
2025-08-09 05:00,3.168781381824516
2025-08-09 06:00,6.66432868334014
2025-08-09 07:00,1.702162056740912
2025-08-09 08:00,1.2120934541443742
2025-08-09 09:00,1.672533797078192
2025-08-09 10:00,0.7741706458853465
2025-08-09 11:00,1.1368135576634137
2025-08-09 12:00,0.8805018827764285
2025-08-09 13:00,1.581625492358397
2025-08-09 14:00,4.068152814172004
2025-08-09 15:00,7.044170192765716
2025-08-09 16:00,15.09228353211036
2025-08-09 17:00,18.09832635800432
2025-08-09 18:00,23.97230450381076
2025-08-09 19:00,13.47239133364013
2025-08-09 20:00,3.7568997881484822
2025-08-09 21:00,3.599181192515774
2025-08-09 22:00,12.670788230992772
2025-08-09 23:00,21.275234009409928
2025-08-10 00:00,2.080093240191628
2025-08-10 01:00,7.683482761005495
2025-08-10 02:00,6.200943567256002
2025-08-10 03:00,20.179987011862497
2025-08-10 04:00,15.011326684915192
2025-08-10 05:00,13.193631356837514
2025-08-10 06:00,19.35981265015159
2025-08-10 07:00,19.71879513746256
2025-08-10 08:00,18.841607263952486
2025-08-10 09:00,17.35347709849382
2025-08-10 10:00,12.246655522199015
2025-08-10 11:00,10.536638665905656
2025-08-10 12:00,8.709827547131244
2025-08-10 13:00,7.358290902402351
2025-08-10 14:00,5.545702671128184
2025-08-10 15:00,5.6146066358594915
2025-08-10 16:00,8.314856300746033
2025-08-10 17:00,5.6912118052565726
2025-08-10 18:00,2.9912670961177215
2025-08-10 19:00,1.917234498917424
2025-08-10 20:00,2.414314405134582
2025-08-10 21:00,2.8209098637796917
2025-08-10 22:00,3.36680728580566
2025-08-10 23:00,2.2640249582331387
2025-08-11 00:00,9.420027384607245
2025-08-11 01:00,7.860733650798269
2025-08-11 02:00,1.802472023409674
2025-08-11 03:00,4.013986276945354
2025-08-11 04:00,0.9815663245270891
2025-08-11 05:00,1.5931549316428564
2025-08-11 06:00,1.0320162586709696
2025-08-11 07:00,1.3077025364422146
2025-08-11 08:00,0.8355872846188409
2025-08-11 09:00,5.476467435877141
2025-08-11 10:00,0.5954462261519549
2025-08-11 11:00,1.0183675708419844
2025-08-11 12:00,3.039245890244227
2025-08-11 13:00,0.6837228070288713
2025-08-11 14:00,0.30116092687487445
2025-08-11 15:00,6.6387860768553955
2025-08-11 16:00,4.765576905575182
2025-08-11 17:00,2.944294899543472
2025-08-11 18:00,1.2363656533238843
2025-08-11 19:00,2.041551573357481
2025-08-11 20:00,1.086929214849846
2025-08-11 21:00,1.0198881440043204
2025-08-11 22:00,1.400031440195782
2025-08-11 23:00,1.2369959102637318
2025-08-12 00:00,0.8009213945405416
2025-08-12 01:00,0.8189151026609728
2025-08-12 02:00,0.32095458314526754
2025-08-12 03:00,0.5214258006157438
2025-08-12 04:00,0.6848180501913811
2025-08-12 05:00,0.2671764050452347
2025-08-12 06:00,0.3953282232242921
2025-08-12 07:00,0.4645525375683886
2025-08-12 08:00,0.38969889214583336
2025-08-12 09:00,2.5834884145469297
2025-08-12 10:00,1.3770036670956416
2025-08-12 11:00,4.569061434471002
2025-08-12 12:00,1.2092698306799845
2025-08-12 13:00,0.48290276550660566
2025-08-12 14:00,1.4463463714229583
2025-08-12 15:00,6.215991075849951
2025-08-12 16:00,3.654118788020282
2025-08-12 17:00,6.31256478354552
2025-08-12 18:00,14.500158249516302
2025-08-12 19:00,10.021175049544578
2025-08-12 20:00,8.924566598512085
2025-08-12 21:00,2.074173452945877
2025-08-12 22:00,6.7098537378240115
2025-08-12 23:00,3.62539043193339
2025-08-13 00:00,18.840788417620765
2025-08-13 01:00,17.703823951560132
2025-08-13 02:00,21.525014325743175
2025-08-13 03:00,17.229268571157753
2025-08-13 04:00,11.761462516225343
2025-08-13 05:00,21.150722667630273
2025-08-13 06:00,31.984014607613265
2025-08-13 07:00,36.99273018121915
2025-08-13 08:00,39.25640232545315
2025-08-13 09:00,34.30560273730006
2025-08-13 10:00,28.317190933356777
2025-08-13 11:00,24.518129828214413
2025-08-13 12:00,26.58296647722665
2025-08-13 13:00,24.85421213220682
2025-08-13 14:00,29.413758938694976
2025-08-13 15:00,17.88488495645577
2025-08-13 16:00,17.291220659841123
2025-08-13 17:00,17.96990921979321
2025-08-13 18:00,16.438819666030334
2025-08-13 19:00,16.35042402288153
2025-08-13 20:00,17.591017794912144
2025-08-13 21:00,16.74439224953407
2025-08-13 22:00,16.45997478933535
2025-08-13 23:00,17.754362009375715
2025-08-14 00:00,25.732571456461233
2025-08-14 01:00,24.688187435425466
2025-08-14 02:00,17.97722833357111
2025-08-14 03:00,15.906292202508324
2025-08-14 04:00,14.504537703084644
2025-08-14 05:00,14.265178414760951
2025-08-14 06:00,9.651571156938772
2025-08-14 07:00,13.679523252744584
2025-08-14 08:00,10.489446607288146
2025-08-14 09:00,5.463095123583265
2025-08-14 10:00,4.7912376184056455
2025-08-14 11:00,3.294855045769863
2025-08-14 12:00,3.5121549742903295
2025-08-14 13:00,1.8027774029251895
2025-08-14 14:00,0.0
2025-08-14 15:00,1.3346375161970645
2025-08-14 16:00,1.4819213147077657
2025-08-14 17:00,0.978788355645705
2025-08-14 18:00,5.329287871437003
2025-08-14 19:00,2.015632649539769
2025-08-14 20:00,1.6116763666881688
2025-08-14 21:00,0.37590010848007077
2025-08-14 22:00,2.838262471749884
2025-08-14 23:00,6.043297265997874
2025-08-15 00:00,1.043167578346851
2025-08-15 01:00,0.6603420199336887
2025-08-15 02:00,1.518677453311931
2025-08-15 03:00,0.8876965364019909
2025-08-15 04:00,2.284691440241238
2025-08-15 05:00,3.9708450671168882
2025-08-15 06:00,0.5930797589254792
2025-08-15 07:00,1.6805090942497354
2025-08-15 08:00,3.104822107332838
2025-08-15 09:00,0.28779668167025274
2025-08-15 10:00,1.0917611563304523
2025-08-15 11:00,1.1428177421212784
2025-08-15 12:00,0.0
2025-08-15 13:00,0.5546992904442289
2025-08-15 14:00,0.9067783853892677
2025-08-15 15:00,0.8620147837855716
2025-08-15 16:00,0.6835629146111465
2025-08-15 17:00,0.5289152458073422
2025-08-15 18:00,1.4480377598771301
2025-08-15 19:00,1.3269214657332593
2025-08-15 20:00,0.07975939599297235
2025-08-15 21:00,0.09569996558810802
2025-08-15 22:00,0.382963022618756
2025-08-15 23:00,0.4717181345607148
2025-08-16 00:00,0.261400747249783
2025-08-16 01:00,0.4891386632726872
2025-08-16 02:00,0.4510443004847649
2025-08-16 03:00,0.27093503569276794
2025-08-16 04:00,0.3267924982043913
2025-08-16 05:00,0.5989049853463604
2025-08-16 06:00,0.3860475718462371
2025-08-16 07:00,1.7060911188800405
2025-08-16 08:00,0.055379496451847136
2025-08-16 09:00,0.21664369828381036
2025-08-16 10:00,0.9824713773985961
2025-08-16 11:00,0.7900733262830685
2025-08-16 12:00,0.0
2025-08-16 13:00,0.0
2025-08-16 14:00,0.2666028124480041
2025-08-16 15:00,0.31088211851382797
2025-08-16 16:00,0.3063227325133263
2025-08-16 17:00,1.233751650421553
2025-08-16 18:00,1.3242716000721704
2025-08-16 19:00,0.8302163246600929
2025-08-16 20:00,0.35937819179745273
2025-08-16 21:00,0.793961486828787
2025-08-16 22:00,0.7085151811203636
2025-08-16 23:00,5.863053059851238
2025-08-17 00:00,3.319395669924883
2025-08-17 01:00,3.276490684755414
2025-08-17 02:00,3.415970928925384
2025-08-17 03:00,0.4530873941133798
2025-08-17 04:00,2.956482065415862
2025-08-17 05:00,0.4813529418152893
2025-08-17 06:00,2.3967876011706757
2025-08-17 07:00,2.403787464264681
2025-08-17 08:00,2.3349851197025364
2025-08-17 09:00,0.5090089856750595
2025-08-17 10:00,0.3104842245281878
2025-08-17 11:00,0.2185036294496537
2025-08-17 12:00,0.0
2025-08-17 13:00,0.0
2025-08-17 14:00,0.011330308373744923
2025-08-17 15:00,0.2803343549882048
2025-08-17 16:00,0.42245920666078896
2025-08-17 17:00,0.4899658658794748
2025-08-17 18:00,1.2667264658044612
2025-08-17 19:00,0.5534712965482692
2025-08-17 20:00,0.0
2025-08-17 21:00,0.0
2025-08-17 22:00,0.14128500963220875
2025-08-17 23:00,0.41406928019986555
2025-08-18 00:00,0.7898647606112797
2025-08-18 01:00,0.7435425791599979
2025-08-18 02:00,5.673688428443065
2025-08-18 03:00,6.990775482076677
2025-08-18 04:00,0.6500697618266956
2025-08-18 05:00,1.971092960480848
2025-08-18 06:00,2.4890688502445957
2025-08-18 07:00,1.0299420863426245
2025-08-18 08:00,0.72380033330774
2025-08-18 09:00,1.3242379609140542
2025-08-18 10:00,0.49337175518830306
2025-08-18 11:00,0.3172701103543725
2025-08-18 12:00,0.011775103760097575
2025-08-18 13:00,0.3354174390582002
2025-08-18 14:00,0.2604073928723138
2025-08-18 15:00,0.07622991822602264
2025-08-18 16:00,0.5956357275574281
2025-08-18 17:00,0.6050203406980156
2025-08-18 18:00,2.1071079756692037
2025-08-18 19:00,0.7798873742610941
2025-08-18 20:00,0.42717386100938953
2025-08-18 21:00,0.8254482161985286
2025-08-18 22:00,1.21115413688271
2025-08-18 23:00,5.667376023831175
2025-08-19 00:00,8.1776557125823
2025-08-19 01:00,10.042338282223419
2025-08-19 02:00,8.494659359553516
2025-08-19 03:00,11.864559610642933
2025-08-19 04:00,9.028624850726452
2025-08-19 05:00,7.445317972616309
2025-08-19 06:00,1.2760059059055797
2025-08-19 07:00,2.3840301741087586
2025-08-19 08:00,3.3010454610724054
2025-08-19 09:00,3.3009137782588316
2025-08-19 10:00,0.22119778550061966
2025-08-19 11:00,0.007683845783776637
2025-08-19 12:00,0.0
2025-08-19 13:00,0.7691117062545951
2025-08-19 14:00,0.6505538703327165
2025-08-19 15:00,0.49267408768711496
2025-08-19 16:00,0.9009116893144213
2025-08-19 17:00,1.309946111376736
2025-08-19 18:00,2.5571625760239205
2025-08-19 19:00,1.5084684022794705
2025-08-19 20:00,1.1593606119379614
2025-08-19 21:00,2.4530523389205436
2025-08-19 22:00,2.8014084274928237
2025-08-19 23:00,1.5853304241838897
2025-08-20 00:00,5.607036674289602
2025-08-20 01:00,7.856156190245794
2025-08-20 02:00,10.123319305145452
2025-08-20 03:00,4.7147203432884055
2025-08-20 04:00,5.752287395153426
2025-08-20 05:00,1.4899884980616085
2025-08-20 06:00,5.684429097910876
2025-08-20 07:00,7.873168123160793
2025-08-20 08:00,7.565554607231885
2025-08-20 09:00,4.825679011411141
2025-08-20 10:00,0.0
2025-08-20 11:00,0.0
2025-08-20 12:00,0.0
2025-08-20 13:00,0.0
2025-08-20 14:00,0.0
2025-08-20 15:00,1.4776427337332747
2025-08-20 16:00,2.741985813094744
2025-08-20 17:00,1.6400039515412193
2025-08-20 18:00,2.7554241021424026
2025-08-20 19:00,1.8923490814707962
2025-08-20 20:00,0.807837124447439
2025-08-20 21:00,0.7650162266574888
2025-08-20 22:00,0.7315217064577646
2025-08-20 23:00,1.4122561928588093
2025-08-21 00:00,3.8909047459631294
2025-08-21 01:00,6.181284728838786
2025-08-21 02:00,6.112244883560985
2025-08-21 03:00,4.511986802461028
2025-08-21 04:00,3.0300704677770685
2025-08-21 05:00,0.6677056732315222
2025-08-21 06:00,0.36367244435897167
2025-08-21 07:00,1.245488425207265
2025-08-21 08:00,0.9293935172062988
2025-08-21 09:00,1.1988167425810754
2025-08-21 10:00,0.6801180887120942
2025-08-21 11:00,0.3238107458784463
2025-08-21 12:00,0.21463569280787567
2025-08-21 13:00,0.0
2025-08-21 14:00,0.0
2025-08-21 15:00,0.005841115613983922
2025-08-21 16:00,3.7448783759429864
2025-08-21 17:00,0.897942119891212
2025-08-21 18:00,0.5783744343024931
2025-08-21 19:00,0.6401435821176608
2025-08-21 20:00,0.6848101054425245
2025-08-21 21:00,0.19985835880699954
2025-08-21 22:00,0.18193886791243855
2025-08-21 23:00,0.6294367159472598
2025-08-22 00:00,2.1609102696280957
2025-08-22 01:00,2.2959622382309353
2025-08-22 02:00,2.1035528666580907
2025-08-22 03:00,2.684648571579159
2025-08-22 04:00,1.932687379086073
2025-08-22 05:00,1.091199219157213
2025-08-22 06:00,0.6829890268395531
2025-08-22 07:00,1.839602302773686
2025-08-22 08:00,0.9451163683842634
2025-08-22 09:00,0.18657924293769768
2025-08-22 10:00,0.7607828357170201
2025-08-22 11:00,0.0
2025-08-22 12:00,0.06677795738684625
2025-08-22 13:00,0.0
2025-08-22 14:00,0.43470454697862215
2025-08-22 15:00,0.49622112845651006
2025-08-22 16:00,0.22036537255195246
2025-08-22 17:00,0.9857969417485057
2025-08-22 18:00,1.7839375487753504
2025-08-22 19:00,1.8629126904499755
2025-08-22 20:00,0.13365423474027474
2025-08-22 21:00,0.5458211289527265
2025-08-22 22:00,2.221731954135573
2025-08-22 23:00,2.2649014556543747
2025-08-23 00:00,0.8874130858442654
2025-08-23 01:00,2.5593308566944186
2025-08-23 02:00,1.5208564716770714
2025-08-23 03:00,0.6236990278549339
2025-08-23 04:00,0.8460844467969225
2025-08-23 05:00,2.016276245519025
2025-08-23 06:00,7.792817004414932
2025-08-23 07:00,1.749437725927444
2025-08-23 08:00,2.7225295194685133
2025-08-23 09:00,0.16543837570791298
2025-08-23 10:00,0.12936739767615626
2025-08-23 11:00,0.3016350032646136
2025-08-23 12:00,0.0
2025-08-23 13:00,0.0
2025-08-23 14:00,0.0
2025-08-23 15:00,0.0
2025-08-23 16:00,1.0840757085338097
2025-08-23 17:00,0.991603593663847
2025-08-23 18:00,0.5230470392691271
2025-08-23 19:00,0.49193561617060394
2025-08-23 20:00,0.8154092226112953
2025-08-23 21:00,0.9052127535516992
2025-08-23 22:00,0.7353102301299119
2025-08-23 23:00,0.6633432526258577
2025-08-24 00:00,6.606325332279477
2025-08-24 01:00,3.0973550937171304
2025-08-24 02:00,1.154782111777351
2025-08-24 03:00,3.2290292071033133
2025-08-24 04:00,4.862882883485171
2025-08-24 05:00,6.104810392996432
2025-08-24 06:00,1.496257962979776
2025-08-24 07:00,5.526766049197383
2025-08-24 08:00,1.702693244692405
2025-08-24 09:00,0.6074005978029765
2025-08-24 10:00,0.0
2025-08-24 11:00,0.08050282753179756
2025-08-24 12:00,0.0
2025-08-24 13:00,0.6897291728208738
2025-08-24 14:00,0.4625598988208854
2025-08-24 15:00,2.1019518761353413
2025-08-24 16:00,0.7112183419735959
2025-08-24 17:00,1.0112966143286284
2025-08-24 18:00,1.3193428615293719
2025-08-24 19:00,0.7638447762343591
2025-08-24 20:00,0.6863851582546833
2025-08-24 21:00,0.8091255973525122
2025-08-24 22:00,1.3507004281513502
2025-08-24 23:00,3.2322103955553385
2025-08-25 00:00,5.7681499618129095
2025-08-25 01:00,6.469247983638665
2025-08-25 02:00,6.016557742802132
2025-08-25 03:00,4.126003755957216
2025-08-25 04:00,4.539373113806393
2025-08-25 05:00,2.087354610063031
2025-08-25 06:00,1.4843136016315541
2025-08-25 07:00,3.550267915802562
2025-08-25 08:00,1.7250754003195419
2025-08-25 09:00,7.281006483106284
2025-08-25 10:00,4.278085749910371
2025-08-25 11:00,1.840585900862387
2025-08-25 12:00,0.0
2025-08-25 13:00,0.2612238400734784
2025-08-25 14:00,4.004355115075193
2025-08-25 15:00,7.708129933448915
2025-08-25 16:00,17.016071447083576
2025-08-25 17:00,9.804618665594415
2025-08-25 18:00,13.899064716483034
2025-08-25 19:00,15.4873561939219
2025-08-25 20:00,13.761842068809488
2025-08-25 21:00,14.14111242123062
2025-08-25 22:00,23.556121953814205
2025-08-25 23:00,17.086319262529557
2025-08-26 00:00,20.500359903242103
2025-08-26 01:00,20.082609046673458
2025-08-26 02:00,28.618966937095166
2025-08-26 03:00,29.184239144799538
2025-08-26 04:00,27.828581303303643
2025-08-26 05:00,32.876467947396016
2025-08-26 06:00,34.040845613432445
2025-08-26 07:00,32.01119023497189
2025-08-26 08:00,30.878081479308094
2025-08-26 09:00,19.666651155013717
2025-08-26 10:00,14.158246157210387
2025-08-26 11:00,27.195141708116985
2025-08-26 12:00,6.138881307929544
2025-08-26 13:00,9.759327652081133
2025-08-26 14:00,4.4766187566746325
2025-08-26 15:00,6.57030848533841
2025-08-26 16:00,5.159537391905505
2025-08-26 17:00,2.404533615141102
2025-08-26 18:00,4.14030548173109
2025-08-26 19:00,1.7676929525599452
2025-08-26 20:00,1.0255817300864831
2025-08-26 21:00,1.2834161732922893
2025-08-26 22:00,2.2304656235097333
2025-08-26 23:00,2.135073968293332
2025-08-27 00:00,3.381160844505828
2025-08-27 01:00,0.4530347959315727
2025-08-27 02:00,0.4570446673097394
2025-08-27 03:00,0.5295021178781687
2025-08-27 04:00,0.3763252121982676
2025-08-27 05:00,0.3812467272509274
2025-08-27 06:00,0.6768632303475569
2025-08-27 07:00,0.7536895818246198
2025-08-27 08:00,1.8684971091015659
2025-08-27 09:00,0.11540360384445224
2025-08-27 10:00,0.36293339430558286
2025-08-27 11:00,0.45682647847987445
2025-08-27 12:00,0.0
2025-08-27 13:00,0.0
2025-08-27 14:00,0.11734616897200678
2025-08-27 15:00,0.2570633697219745
2025-08-27 16:00,0.4942208540051088
2025-08-27 17:00,0.5650326823172528
2025-08-27 18:00,2.1243020840749973
2025-08-27 19:00,0.4530663332499674
2025-08-27 20:00,0.3773411286985536
2025-08-27 21:00,0.624360309321839
2025-08-27 22:00,0.601453540759515
2025-08-27 23:00,1.0655759945684244
2025-08-28 00:00,0.8255109663985252
2025-08-28 01:00,5.391802301055495
2025-08-28 02:00,3.878151572096847
2025-08-28 03:00,1.8690293779469838
2025-08-28 04:00,3.4241800421095805
2025-08-28 05:00,3.8972736017471767
2025-08-28 06:00,6.339729352374606
2025-08-28 07:00,7.914991067431316
2025-08-28 08:00,4.05803960248118
2025-08-28 09:00,6.067081512103872
2025-08-28 10:00,6.564789845240782
2025-08-28 11:00,5.2995664300404295
2025-08-28 12:00,4.183123126727448
2025-08-28 13:00,3.0080054334306885
2025-08-28 14:00,0.08233551281325434
2025-08-28 15:00,1.692305559810471
2025-08-28 16:00,6.5195650213509
2025-08-28 17:00,4.7959518588640275
2025-08-28 18:00,7.883234677060589
2025-08-28 19:00,5.575858422157008
2025-08-28 20:00,4.588333090566823
2025-08-28 21:00,4.480520553289442
2025-08-28 22:00,4.886031498407802
2025-08-28 23:00,7.293274381116834
2025-08-29 00:00,12.687987856863858
2025-08-29 01:00,10.315633571727059
2025-08-29 02:00,8.689783929328476
2025-08-29 03:00,8.719984624862821
2025-08-29 04:00,9.05047537658896
2025-08-29 05:00,6.2684394676998085
2025-08-29 06:00,2.794187886363996
2025-08-29 07:00,3.190083664492355
2025-08-29 08:00,1.9891184989170219
2025-08-29 09:00,2.987007961688948
2025-08-29 10:00,1.3494385469136
2025-08-29 11:00,0.0
2025-08-29 12:00,0.23208470683383164
2025-08-29 13:00,0.0
2025-08-29 14:00,0.34202319944261833
2025-08-29 15:00,0.6986490886208575
2025-08-29 16:00,0.5324000850477912
2025-08-29 17:00,1.685859332988278
2025-08-29 18:00,1.5966385355311885
2025-08-29 19:00,0.8651036881389652
2025-08-29 20:00,1.1245205859073881
2025-08-29 21:00,3.944069505863832
2025-08-29 22:00,6.0226318815922
2025-08-29 23:00,3.272746798031386
2025-08-30 00:00,4.541697856555163
2025-08-30 01:00,4.888209688145816
2025-08-30 02:00,1.284108419665526
2025-08-30 03:00,3.5001362370682507
2025-08-30 04:00,4.126827925462331
2025-08-30 05:00,3.2910630787719892
2025-08-30 06:00,3.754566477035624
2025-08-30 07:00,3.1381275844858902
2025-08-30 08:00,1.6454026952256113
2025-08-30 09:00,0.6832549763997328
2025-08-30 10:00,0.05796667912933135
2025-08-30 11:00,0.5624311646341655
2025-08-30 12:00,0.0
2025-08-30 13:00,0.0
2025-08-30 14:00,0.28319757543528656
2025-08-30 15:00,0.44701316287192755
2025-08-30 16:00,0.7742809328556683
2025-08-30 17:00,0.5108847142042586
2025-08-30 18:00,1.1217753397974037
2025-08-30 19:00,0.731916584805588
2025-08-30 20:00,0.6411905925426149
2025-08-30 21:00,1.0592201786423687
2025-08-30 22:00,0.8145997637991961
2025-08-30 23:00,1.5139763774465684
2025-08-31 00:00,0.37944403178467323
2025-08-31 01:00,1.9971169349114652
2025-08-31 02:00,2.7396818714784126
2025-08-31 03:00,2.135119553319595
2025-08-31 04:00,0.56430068542009
2025-08-31 05:00,4.087287337072801
2025-08-31 06:00,5.1010304772439605
2025-08-31 07:00,6.0045111581328925
2025-08-31 08:00,1.92925804421431
2025-08-31 09:00,0.7308489612975567
2025-08-31 10:00,0.0
2025-08-31 11:00,0.0
2025-08-31 12:00,3.2270154269728155
2025-08-31 13:00,1.089561605518043
2025-08-31 14:00,1.3559542963333244
2025-08-31 15:00,5.004097677634657
2025-08-31 16:00,4.420771715493959
2025-08-31 17:00,5.651133694991957
2025-08-31 18:00,2.8435399428438295
2025-08-31 19:00,2.118415928719491
2025-08-31 20:00,12.510060467703983
2025-08-31 21:00,17.496723536333853
2025-08-31 22:00,17.220208134455795
2025-08-31 23:00,19.63235791280003
2025-09-01 00:00,5.161928492002613
2025-09-01 01:00,15.85815055679678
2025-09-01 02:00,11.539092434558585
2025-09-01 03:00,5.846725301846484
2025-09-01 04:00,6.675314250326483
2025-09-01 05:00,15.709151247039596
2025-09-01 06:00,21.925845515040056
2025-09-01 07:00,21.08218838881346
2025-09-01 08:00,22.31861630003297
2025-09-01 09:00,13.709672682138084
2025-09-01 10:00,19.82279029396095
2025-09-01 11:00,15.190164867368278
2025-09-01 12:00,12.803322519351266
2025-09-01 13:00,17.575774025170766
2025-09-01 14:00,22.753092357447976
2025-09-01 15:00,20.618161884573844
2025-09-01 16:00,33.43061978691644
2025-09-01 17:00,28.6019285043565
2025-09-01 18:00,20.457253625767883
2025-09-01 19:00,25.237547961175842
2025-09-01 20:00,26.913280410960866
2025-09-01 21:00,17.404556947828258
2025-09-01 22:00,14.978046028424624
2025-09-01 23:00,8.137571207970213
2025-09-02 00:00,5.515845623861189
2025-09-02 01:00,4.030813237501872
2025-09-02 02:00,7.061671794729284
2025-09-02 03:00,6.442700126493036
2025-09-02 04:00,4.006528452185362
2025-09-02 05:00,3.8358079987864855
2025-09-02 06:00,1.6450556526420261
2025-09-02 07:00,0.11125266111298932
2025-09-02 08:00,1.1914804685364595
2025-09-02 09:00,1.087250553865375
2025-09-02 10:00,0.030177703766488158
2025-09-02 11:00,0.8845867406096044
2025-09-02 12:00,0.6961408874140873
2025-09-02 13:00,0.6321356184220763
2025-09-02 14:00,1.8117805133919633
2025-09-02 15:00,0.7153368741282308
2025-09-02 16:00,0.9191248245733696
2025-09-02 17:00,1.7013827230836682
2025-09-02 18:00,1.870315152801428
2025-09-02 19:00,1.5740093714878178
2025-09-02 20:00,2.4478346083040528
2025-09-02 21:00,1.4666099616471915
2025-09-02 22:00,0.7072659031859666
2025-09-02 23:00,1.836767078728267
2025-09-03 00:00,0.17342091302347434
2025-09-03 01:00,0.30774765510489666
2025-09-03 02:00,2.234025270489666
2025-09-03 03:00,1.521056789087514
2025-09-03 04:00,0.5303049475627855
2025-09-03 05:00,1.1274808546708623
2025-09-03 06:00,0.2653211285023254
2025-09-03 07:00,0.5533804148385546
2025-09-03 08:00,1.0403207343763423
2025-09-03 09:00,0.0
2025-09-03 10:00,0.5215726913571395
2025-09-03 11:00,0.2779689745730942
2025-09-03 12:00,0.0
2025-09-03 13:00,0.09284683953020212
2025-09-03 14:00,0.0
2025-09-03 15:00,1.0072909819940812
2025-09-03 16:00,1.3380201299832577
2025-09-03 17:00,2.6051502910573276
2025-09-03 18:00,3.4153298377358627
2025-09-03 19:00,3.5367009359191983
2025-09-03 20:00,2.3880705524225982
2025-09-03 21:00,1.7129925344806565
2025-09-03 22:00,2.4622313732252965
2025-09-03 23:00,1.3446008158431306
2025-09-04 00:00,2.372244326556513
2025-09-04 01:00,0.821495793818183
2025-09-04 02:00,0.7470756752532677
2025-09-04 03:00,0.6456998937484132
2025-09-04 04:00,1.4581176784195968
2025-09-04 05:00,1.3496755355748602
2025-09-04 06:00,1.931448025333158
2025-09-04 07:00,3.6033639144260894
2025-09-04 08:00,1.7748016608605135
2025-09-04 09:00,0.3653840586204034
2025-09-04 10:00,1.4845870143919782
2025-09-04 11:00,1.4613792194601964
2025-09-04 12:00,1.4809382407344502
2025-09-04 13:00,0.9403882603521917
2025-09-04 14:00,3.618785896877514
2025-09-04 15:00,4.681408585554293
2025-09-04 16:00,5.974465393837958
2025-09-04 17:00,7.141850746301857
2025-09-04 18:00,6.624699430731916
2025-09-04 19:00,4.794261481772859
2025-09-04 20:00,3.0764409577092278
2025-09-04 21:00,2.40721873570601
2025-09-04 22:00,2.8655717817216297
2025-09-04 23:00,3.9354369735140655
2025-09-05 00:00,3.1858073958566515
2025-09-05 01:00,1.6542525405431463
2025-09-05 02:00,2.483082211788619
2025-09-05 03:00,1.8882032069488426
2025-09-05 04:00,2.4141747590867566
2025-09-05 05:00,2.4778375305960663
2025-09-05 06:00,1.6000636775177928
2025-09-05 07:00,1.4053660809268258
2025-09-05 08:00,1.4099962703516042
2025-09-05 09:00,0.0
2025-09-05 10:00,0.0
2025-09-05 11:00,0.21572670183719683
2025-09-05 12:00,0.0
2025-09-05 13:00,0.0
2025-09-05 14:00,0.0
2025-09-05 15:00,0.6121142842294914
2025-09-05 16:00,1.0893533934199873
2025-09-05 17:00,1.5800074633780783
2025-09-05 18:00,1.8385592804953381
2025-09-05 19:00,1.1500987115175132
2025-09-05 20:00,1.7126623327344992
2025-09-05 21:00,2.8773730737896472
2025-09-05 22:00,0.9639723432730666
2025-09-05 23:00,7.032490985303562
2025-09-06 00:00,6.818922980758221
2025-09-06 01:00,11.590938991679378
2025-09-06 02:00,4.806303389826617
2025-09-06 03:00,8.13070899887871
2025-09-06 04:00,15.764640486602378
2025-09-06 05:00,5.833397839378591
2025-09-06 06:00,5.583454099901495
2025-09-06 07:00,22.633259736152063
2025-09-06 08:00,20.904485840987856
2025-09-06 09:00,17.655570568097183
2025-09-06 10:00,20.403233878517426
2025-09-06 11:00,15.715647498542246
2025-09-06 12:00,22.219668146160856
2025-09-06 13:00,11.788082493006318
2025-09-06 14:00,7.3507320341590905
2025-09-06 15:00,8.30002679346471
2025-09-06 16:00,16.545969166051684
2025-09-06 17:00,17.943651504459154
2025-09-06 18:00,17.990445635620034
2025-09-06 19:00,16.3470381471426
2025-09-06 20:00,19.688095276939976
2025-09-06 21:00,20.604290665924218
2025-09-06 22:00,18.051229210518212
2025-09-06 23:00,28.10449112141592
2025-09-07 00:00,17.93969314567709
2025-09-07 01:00,25.224606147232517
2025-09-07 02:00,34.006058077554776
2025-09-07 03:00,26.30301425748562
2025-09-07 04:00,22.15816710390311
2025-09-07 05:00,25.556457399952762
2025-09-07 06:00,8.643621636168955
2025-09-07 07:00,4.828502981002318
2025-09-07 08:00,3.4741911987823113
2025-09-07 09:00,3.4111881289680728
2025-09-07 10:00,1.2108426567647648
2025-09-07 11:00,0.8717714466432019
2025-09-07 12:00,1.989335738283062
2025-09-07 13:00,1.738959534596154
2025-09-07 14:00,1.4952601287384564
2025-09-07 15:00,1.748450711638191
2025-09-07 16:00,2.6173259896471337
2025-09-07 17:00,2.886793060180847
2025-09-07 18:00,3.918422955978526
2025-09-07 19:00,3.614343674675926
2025-09-07 20:00,3.411216544158237
2025-09-07 21:00,3.1338082007901993
2025-09-07 22:00,1.8711283230070115
2025-09-07 23:00,2.5261161446740577
2025-09-08 00:00,2.6631503929774607
2025-09-08 01:00,2.6793121412506125
2025-09-08 02:00,2.2416551408394025
2025-09-08 03:00,2.2549882452349297
2025-09-08 04:00,1.0908528690773798
2025-09-08 05:00,1.5010702424490991
2025-09-08 06:00,1.890426209843314
2025-09-08 07:00,1.413958334354898
2025-09-08 08:00,1.2372057642332708
2025-09-08 09:00,0.0018172972758774071
2025-09-08 10:00,0.0
2025-09-08 11:00,0.0
2025-09-08 12:00,0.2871036581503293
2025-09-08 13:00,0.8165069351502269
2025-09-08 14:00,5.007315472941729
2025-09-08 15:00,3.4082874302818436
2025-09-08 16:00,0.3468511588956749
2025-09-08 17:00,0.07883363606310059
2025-09-08 18:00,0.9674347876584778
2025-09-08 19:00,1.4922962788006702
2025-09-08 20:00,1.2660327479326596
2025-09-08 21:00,1.981221524406944
2025-09-08 22:00,1.2937318434803686
2025-09-08 23:00,1.9426782696534883
2025-09-09 00:00,4.8568955492491535
2025-09-09 01:00,4.296193999090126
2025-09-09 02:00,2.933965664906213
2025-09-09 03:00,2.46420453428391
2025-09-09 04:00,1.2781064395256125
2025-09-09 05:00,3.565969685492053
2025-09-09 06:00,1.6514276605299516
2025-09-09 07:00,3.8278017302627427
2025-09-09 08:00,3.6295838533322846
2025-09-09 09:00,0.7204692366496394
2025-09-09 10:00,0.5120196886479713
2025-09-09 11:00,3.13995717683016
2025-09-09 12:00,8.446516261156527
2025-09-09 13:00,2.324415547212136
2025-09-09 14:00,4.164713369972745
2025-09-09 15:00,3.497043797378765
2025-09-09 16:00,6.670991879863682
2025-09-09 17:00,12.004965086177872
2025-09-09 18:00,5.373829227491336
2025-09-09 19:00,3.715121548317304
2025-09-09 20:00,1.8764583445672043
2025-09-09 21:00,2.4976012922241355
2025-09-09 22:00,2.7870936288034263
2025-09-09 23:00,5.028489656630547
2025-09-10 00:00,5.566253396506469
2025-09-10 01:00,4.123729455119159
2025-09-10 02:00,6.215082063065342
2025-09-10 03:00,4.4486391800596685
2025-09-10 04:00,7.247350787029157
2025-09-10 05:00,6.45685632834384
2025-09-10 06:00,5.480496854678128
2025-09-10 07:00,3.928933404760423
2025-09-10 08:00,3.9124729386710264
2025-09-10 09:00,2.862591728343153
2025-09-10 10:00,3.297108665262689
2025-09-10 11:00,1.7466126377126518
2025-09-10 12:00,0.937667951792179
2025-09-10 13:00,0.9675260201182596
2025-09-10 14:00,0.8007172778319662
2025-09-10 15:00,2.0507946878823264
2025-09-10 16:00,3.1515513615496187
2025-09-10 17:00,3.550822490806057
2025-09-10 18:00,7.148749333030229
2025-09-10 19:00,9.91362974736482
2025-09-10 20:00,7.329374854566902
2025-09-10 21:00,4.762403608132194
2025-09-10 22:00,3.5429200661287874
2025-09-10 23:00,3.705426013690945
2025-09-11 00:00,2.846554058279296
2025-09-11 01:00,1.6012021213149508
2025-09-11 02:00,2.3711254340757177
2025-09-11 03:00,3.928018536163433
2025-09-11 04:00,2.2665767641298427
2025-09-11 05:00,2.0462690661386698
2025-09-11 06:00,3.38742225497485
2025-09-11 07:00,3.16242219527135
2025-09-11 08:00,3.3988032928234095
2025-09-11 09:00,1.5646028365084135
2025-09-11 10:00,0.34134635651219725
2025-09-11 11:00,0.20985157627823273
2025-09-11 12:00,0.6076664787582936
2025-09-11 13:00,0.0
2025-09-11 14:00,0.41951953719263496
2025-09-11 15:00,1.0861539752016491
2025-09-11 16:00,1.7760954100604438
2025-09-11 17:00,3.82462310566776
2025-09-11 18:00,5.600191618452734
2025-09-11 19:00,3.3816137727959354
2025-09-11 20:00,4.996877347242301
2025-09-11 21:00,5.747004401266351
2025-09-11 22:00,5.712130114171949
2025-09-11 23:00,3.7472576600661744
2025-09-12 00:00,3.229411314864333
2025-09-12 01:00,4.512141386969026
2025-09-12 02:00,5.67373134807754
2025-09-12 03:00,2.6298789575375756
2025-09-12 04:00,5.375365064057847
2025-09-12 05:00,4.110121577947143
2025-09-12 06:00,7.301751542745442
2025-09-12 07:00,3.3058642410020878
2025-09-12 08:00,1.694964905378853
2025-09-12 09:00,1.2612374238653927
2025-09-12 10:00,1.4939919720452826
2025-09-12 11:00,1.2634779763471895
2025-09-12 12:00,0.6959825579176849
2025-09-12 13:00,1.0568089818212092
2025-09-12 14:00,0.8183826205097448
2025-09-12 15:00,2.212857313300721
2025-09-12 16:00,2.7080644339593767
2025-09-12 17:00,4.282965329251959
2025-09-12 18:00,3.4339554969738466
2025-09-12 19:00,2.913986709623737
2025-09-12 20:00,1.559408793013289
2025-09-12 21:00,0.4680357185790989
2025-09-12 22:00,1.025210642149002
2025-09-12 23:00,3.0610326887167445
2025-09-13 00:00,32.95225516559535
2025-09-13 01:00,39.26138290239998
2025-09-13 02:00,43.600311038964584
2025-09-13 03:00,48.84379763039963
2025-09-13 04:00,50.54125708486658
2025-09-13 05:00,52.114566078167336
2025-09-13 06:00,51.78492076986227
2025-09-13 07:00,49.51605280520543
2025-09-13 08:00,51.51231177303206
2025-09-13 09:00,50.10513027208248
2025-09-13 10:00,41.05784308108166
2025-09-13 11:00,27.701551093402976
2025-09-13 12:00,16.539226943188055
2025-09-13 13:00,8.319653363143487
2025-09-13 14:00,7.612330789494536
2025-09-13 15:00,7.3691751858237975
2025-09-13 16:00,8.340963932260435
2025-09-13 17:00,9.524198113627877
2025-09-13 18:00,8.196384558708848
2025-09-13 19:00,4.3279875641912176
2025-09-13 20:00,3.220139954392802
2025-09-13 21:00,3.539698758437737
2025-09-13 22:00,0.9485563775876839
2025-09-13 23:00,2.4704268811826804
2025-09-14 00:00,4.059162041367348
2025-09-14 01:00,4.440974254812918
2025-09-14 02:00,3.125651910388974
2025-09-14 03:00,6.938706505178225
2025-09-14 04:00,10.038900169030558
2025-09-14 05:00,3.960715176445892
2025-09-14 06:00,5.925262578661718
2025-09-14 07:00,2.89181353734297
2025-09-14 08:00,2.5656459124771778
2025-09-14 09:00,1.0598842201449534
2025-09-14 10:00,0.0725656837832525
2025-09-14 11:00,0.024535522366174428
2025-09-14 12:00,0.0
2025-09-14 13:00,0.4688271353919853
2025-09-14 14:00,0.06333953209896728
2025-09-14 15:00,0.8177417188567131
2025-09-14 16:00,1.7612018732839239
2025-09-14 17:00,1.8678561295064955
2025-09-14 18:00,0.5054600132066402
2025-09-14 19:00,0.7550784483448106
2025-09-14 20:00,2.468475637898644
2025-09-14 21:00,1.6041528337473678
2025-09-14 22:00,2.3682909650231276
2025-09-14 23:00,0.7863001987415076
2025-09-15 00:00,1.1619516413229658
2025-09-15 01:00,1.5616089761723966
2025-09-15 02:00,0.6011882132490017
2025-09-15 03:00,0.48210326767814254
2025-09-15 04:00,0.6189655124961165
2025-09-15 05:00,0.30971616708189353
2025-09-15 06:00,0.9059446645799663
2025-09-15 07:00,0.39637694007264723
2025-09-15 08:00,0.18890746093979877
2025-09-15 09:00,0.27031150874136045
2025-09-15 10:00,0.23029667835040918
2025-09-15 11:00,0.0
2025-09-15 12:00,0.0
2025-09-15 13:00,0.0
2025-09-15 14:00,0.006245641883324687
2025-09-15 15:00,0.3537598971909706
2025-09-15 16:00,0.8369989371159723
2025-09-15 17:00,1.0755983845471473
2025-09-15 18:00,0.8163258668639727
2025-09-15 19:00,0.548758020158349
2025-09-15 20:00,1.2942229549403153
2025-09-15 21:00,0.4704479101521246
2025-09-15 22:00,1.801159476534444
2025-09-15 23:00,0.35529494424532276
2025-09-16 00:00,0.0
2025-09-16 01:00,0.589546013948212
2025-09-16 02:00,0.25440221759510884
2025-09-16 03:00,0.8248283308910763
2025-09-16 04:00,0.9821608726804223
2025-09-16 05:00,0.6199104619109865
2025-09-16 06:00,0.0
2025-09-16 07:00,0.472134969937335
2025-09-16 08:00,1.8172959726564963
2025-09-16 09:00,4.5251001959905865
2025-09-16 10:00,1.7192254813609866
2025-09-16 11:00,0.1774805598915343
2025-09-16 12:00,0.0
2025-09-16 13:00,4.3256011545452475
2025-09-16 14:00,4.290493489968961
2025-09-16 15:00,8.253699537646408
2025-09-16 16:00,20.18889699010925
2025-09-16 17:00,11.94662625868275
2025-09-16 18:00,17.919443931641972
2025-09-16 19:00,13.548000226514773
2025-09-16 20:00,20.907867173079325
2025-09-16 21:00,16.79857756679738
2025-09-16 22:00,19.57556283925843
2025-09-16 23:00,22.339663965139447
2025-09-17 00:00,31.10163459701243
2025-09-17 01:00,32.70157371539376
2025-09-17 02:00,32.38377752164391
2025-09-17 03:00,29.62629855198599
2025-09-17 04:00,23.91349360781109
2025-09-17 05:00,22.28556670774118
2025-09-17 06:00,26.528761494201813
2025-09-17 07:00,24.86681589286176
2025-09-17 08:00,31.732980246789232
2025-09-17 09:00,27.15048526888571
2025-09-17 10:00,20.450964672937012
2025-09-17 11:00,23.271083664391305
2025-09-17 12:00,25.125315216465886
2025-09-17 13:00,4.8761622665331545
2025-09-17 14:00,9.908762261038506
2025-09-17 15:00,10.43862982306078
2025-09-17 16:00,5.507073582555002
2025-09-17 17:00,5.74675595008191
2025-09-17 18:00,2.5801453126746514
2025-09-17 19:00,4.992087369834537
2025-09-17 20:00,6.710307257546028
2025-09-17 21:00,11.454313481281165
2025-09-17 22:00,7.948954311493146
2025-09-17 23:00,7.01112838163291
2025-09-18 00:00,8.63899682897427
2025-09-18 01:00,8.945422910645036
2025-09-18 02:00,5.334625118538052
2025-09-18 03:00,5.936675782755253
2025-09-18 04:00,7.700107281776391
2025-09-18 05:00,6.797075166393374
2025-09-18 06:00,9.858061703357926
2025-09-18 07:00,7.557624953366915
2025-09-18 08:00,4.245424339363253
2025-09-18 09:00,4.588386464288271
2025-09-18 10:00,3.4894120529165527
2025-09-18 11:00,3.712874644752786
2025-09-18 12:00,3.266870591978004
2025-09-18 13:00,2.2621473233824525
2025-09-18 14:00,1.34051853494851
2025-09-18 15:00,2.0236253143039775
2025-09-18 16:00,1.1293255990427717
2025-09-18 17:00,1.628423557807224
2025-09-18 18:00,0.7745489367785295
2025-09-18 19:00,1.4157707822600285
2025-09-18 20:00,1.539041383307143
2025-09-18 21:00,0.8958781182996159
2025-09-18 22:00,2.147198782852334
2025-09-18 23:00,2.57933863927354
2025-09-19 00:00,1.4554237561098884
2025-09-19 01:00,1.5872667163777048
2025-09-19 02:00,1.8074546692024298
2025-09-19 03:00,1.8903003805141108
2025-09-19 04:00,1.8011175718946233
2025-09-19 05:00,1.8836222516185732
2025-09-19 06:00,2.191656386534093
2025-09-19 07:00,3.4215728988168586
2025-09-19 08:00,0.45238425643969016
2025-09-19 09:00,0.34515515473694836
2025-09-19 10:00,0.20678836619782692
2025-09-19 11:00,0.12952511799299776
2025-09-19 12:00,0.0
2025-09-19 13:00,2.067956632578201
2025-09-19 14:00,2.679112056376681
2025-09-19 15:00,0.72667172202861
2025-09-19 16:00,0.8073117225787467
2025-09-19 17:00,2.385255275548627
2025-09-19 18:00,4.85465172710786
2025-09-19 19:00,8.822588000845235
2025-09-19 20:00,3.1810547076177906
2025-09-19 21:00,8.318246215935012
2025-09-19 22:00,10.78464111888384
2025-09-19 23:00,9.16026158662283
2025-09-20 00:00,38.82940992657721
2025-09-20 01:00,43.36467973767585
2025-09-20 02:00,42.169194418318426
2025-09-20 03:00,50.622278525705184
2025-09-20 04:00,54.44137542279008
2025-09-20 05:00,54.03187483717008
2025-09-20 06:00,22.458549038321923
2025-09-20 07:00,16.15823649530304
2025-09-20 08:00,5.967331186282737
2025-09-20 09:00,13.781695650537532
2025-09-20 10:00,6.344395204156175
2025-09-20 11:00,4.276336860185306
2025-09-20 12:00,3.85428376457496
2025-09-20 13:00,5.106425430682831
2025-09-20 14:00,7.688031180250712
2025-09-20 15:00,5.337634510742596
2025-09-20 16:00,4.931174085092508
2025-09-20 17:00,9.682907008966708
2025-09-20 18:00,12.265016972135214
2025-09-20 19:00,10.222232584351328
2025-09-20 20:00,7.955344703582941
2025-09-20 21:00,7.476325782881386
2025-09-20 22:00,8.652729896126012
2025-09-20 23:00,8.095042622915624
2025-09-21 00:00,5.014520620349991
2025-09-21 01:00,3.9405699500971414
2025-09-21 02:00,5.509970240438794
2025-09-21 03:00,7.5520596871904955
2025-09-21 04:00,4.604234279168784
2025-09-21 05:00,2.805832005565612
2025-09-21 06:00,5.092288057776399
2025-09-21 07:00,4.716021650699548
2025-09-21 08:00,5.516929060035273
2025-09-21 09:00,4.118274682615053
2025-09-21 10:00,3.8028965051899863
2025-09-21 11:00,1.1494152030226057
2025-09-21 12:00,2.058303011494658
2025-09-21 13:00,1.3100539493748498
2025-09-21 14:00,2.1229573724208257
2025-09-21 15:00,3.4852553097850403
2025-09-21 16:00,4.687012802119204
2025-09-21 17:00,6.103721274644714
2025-09-21 18:00,8.920542966468123
2025-09-21 19:00,12.059164693355815
2025-09-21 20:00,6.236832718574189
2025-09-21 21:00,6.3912268149351394
2025-09-21 22:00,5.907555514003552
2025-09-21 23:00,4.911191495492476
2025-09-22 00:00,13.026692643704301
2025-09-22 01:00,4.357627869908767
2025-09-22 02:00,6.695602625368538
2025-09-22 03:00,5.059989511461562
2025-09-22 04:00,7.248519007682745
2025-09-22 05:00,6.5263412968030226
2025-09-22 06:00,3.843858565063183
2025-09-22 07:00,3.375998728680861
2025-09-22 08:00,2.540791285263273
2025-09-22 09:00,0.3690277238948598
2025-09-22 10:00,1.0192310536476363
2025-09-22 11:00,0.32418186977837293
2025-09-22 12:00,0.6263308224600199
2025-09-22 13:00,0.10754030334491438
2025-09-22 14:00,0.29585047101918177
2025-09-22 15:00,0.4148403821867138
2025-09-22 16:00,0.8759688484525485
2025-09-22 17:00,2.7239137651467673
2025-09-22 18:00,3.9960140743896493
2025-09-22 19:00,3.718734630138028
2025-09-22 20:00,4.303982343280836
2025-09-22 21:00,5.121934301022402
2025-09-22 22:00,7.440529498270839
2025-09-22 23:00,7.471254071002693
2025-09-23 00:00,4.360090856653755
2025-09-23 01:00,2.9732538185571142
2025-09-23 02:00,6.070395199412029
2025-09-23 03:00,6.015846080507874
2025-09-23 04:00,5.331506011536169
2025-09-23 05:00,4.0449085918091985
2025-09-23 06:00,3.498199655113191
2025-09-23 07:00,2.9679876387562913
2025-09-23 08:00,3.321107228260238
2025-09-23 09:00,2.752628786830308
2025-09-23 10:00,1.5872704916783351
2025-09-23 11:00,0.5888009282747245
2025-09-23 12:00,1.1687511819452991
2025-09-23 13:00,0.626943185151087
2025-09-23 14:00,2.449834496119231
2025-09-23 15:00,1.1043408338571556
2025-09-23 16:00,2.125894573114484
2025-09-23 17:00,3.728812677807844
2025-09-23 18:00,6.463002330094843
2025-09-23 19:00,4.621640174882205
2025-09-23 20:00,2.135730587202222
2025-09-23 21:00,2.3035630913800302
2025-09-23 22:00,2.2134938324233193
2025-09-23 23:00,5.340319640673534
2025-09-24 00:00,1.4439877398843723
2025-09-24 01:00,1.5790778094412186
2025-09-24 02:00,3.6429296908820037
2025-09-24 03:00,5.688107291988829
2025-09-24 04:00,6.173847534299074
2025-09-24 05:00,5.115888711076513
2025-09-24 06:00,4.19322028968419
2025-09-24 07:00,3.3771290434964385
2025-09-24 08:00,1.248763680493835
2025-09-24 09:00,0.7689337566883924
2025-09-24 10:00,6.097928686303279
2025-09-24 11:00,20.635958538093313
2025-09-24 12:00,25.901303581985317
2025-09-24 13:00,24.477446354652834
2025-09-24 14:00,20.959106927211366
2025-09-24 15:00,25.838465855691844
2025-09-24 16:00,25.905812398968727
2025-09-24 17:00,22.269043415326756
2025-09-24 18:00,16.68346176862092
2025-09-24 19:00,19.53145139261378
2025-09-24 20:00,20.094901702582636
2025-09-24 21:00,22.83467418774502
2025-09-24 22:00,11.191958159443764
2025-09-24 23:00,5.367131927351482
2025-09-25 00:00,8.834642295737098
2025-09-25 01:00,6.525428053137916
2025-09-25 02:00,10.28352493858545
2025-09-25 03:00,5.604404779575892
2025-09-25 04:00,2.5296682006464755
2025-09-25 05:00,1.634421428575964
2025-09-25 06:00,2.1431174393059123
2025-09-25 07:00,9.882517761345145
2025-09-25 08:00,10.99235779315801
2025-09-25 09:00,10.708096749493771
2025-09-25 10:00,8.239855782929263
2025-09-25 11:00,1.879418257531351
2025-09-25 12:00,3.0125854376620382
2025-09-25 13:00,1.0918889873979782
2025-09-25 14:00,0.600551146547304
2025-09-25 15:00,0.7322584655114949
2025-09-25 16:00,0.21788079443705108
2025-09-25 17:00,1.037356148453799
2025-09-25 18:00,0.7677661547799481
2025-09-25 19:00,2.8040799139027026
2025-09-25 20:00,1.339315132071543
2025-09-25 21:00,1.4135254486236233
2025-09-25 22:00,1.4347223058771639
2025-09-25 23:00,1.692065379501741
2025-09-26 00:00,3.8530183116130323
2025-09-26 01:00,3.6921274232666383
2025-09-26 02:00,4.842267088740302
2025-09-26 03:00,5.254975061885724
2025-09-26 04:00,4.972874107082327
2025-09-26 05:00,7.666507140243311
2025-09-26 06:00,9.81757522146656
2025-09-26 07:00,6.6228070966148005
2025-09-26 08:00,7.108305501679349
2025-09-26 09:00,3.6204375330696443
2025-09-26 10:00,1.9883422704898543
2025-09-26 11:00,1.3589992829085307
2025-09-26 12:00,0.20143726877150178
2025-09-26 13:00,0.0
2025-09-26 14:00,0.10016653870153655
2025-09-26 15:00,0.4226825485103687
2025-09-26 16:00,1.7281829341671917
2025-09-26 17:00,2.1780276106399046
2025-09-26 18:00,3.353427646471643
2025-09-26 19:00,4.69915777706821
2025-09-26 20:00,6.167260414307669
2025-09-26 21:00,6.677878965238213
2025-09-26 22:00,4.9652110552033575
2025-09-26 23:00,5.515045031936591
2025-09-27 00:00,5.163588686408379
2025-09-27 01:00,2.451721313172747
2025-09-27 02:00,4.8600330137353565
2025-09-27 03:00,5.808341417943913
2025-09-27 04:00,2.961050216673902
2025-09-27 05:00,0.38336125516441494
2025-09-27 06:00,0.7169720189902278
2025-09-27 07:00,0.8786594457508027
2025-09-27 08:00,1.636550404669452
2025-09-27 09:00,1.3965305336583
2025-09-27 10:00,0.1993981706202535
2025-09-27 11:00,3.2895089740701806
2025-09-27 12:00,0.0
2025-09-27 13:00,0.0
2025-09-27 14:00,0.0
2025-09-27 15:00,0.9297003146152344
2025-09-27 16:00,2.7212208845078516
2025-09-27 17:00,1.170536722171003
2025-09-27 18:00,0.6310582137788983
2025-09-27 19:00,0.0
2025-09-27 20:00,0.15765979428005997
2025-09-27 21:00,0.1857013977693344
2025-09-27 22:00,1.0425968745602125
2025-09-27 23:00,1.1708722305167236
2025-09-28 00:00,0.2621825228597347
2025-09-28 01:00,0.11676130482692242
2025-09-28 02:00,1.4055121968270905
2025-09-28 03:00,1.5863623571323258
2025-09-28 04:00,1.285206208451881
2025-09-28 05:00,2.7651409652590884
2025-09-28 06:00,6.637753447740616
2025-09-28 07:00,11.163789295062356
2025-09-28 08:00,13.277972432653584
2025-09-28 09:00,28.79095561823735
2025-09-28 10:00,24.734307935345953
2025-09-28 11:00,11.131847735007677
2025-09-28 12:00,25.66253346955195
2025-09-28 13:00,19.205990418143863
2025-09-28 14:00,12.301600670473416
2025-09-28 15:00,5.695636579785007
2025-09-28 16:00,6.068013817951856
2025-09-28 17:00,5.143623236630981
2025-09-28 18:00,5.636983686488275
2025-09-28 19:00,6.347949640308175
2025-09-28 20:00,4.961641607232426
2025-09-28 21:00,6.5615140929171325
2025-09-28 22:00,8.659765432987331
2025-09-28 23:00,9.294362747862944
2025-09-29 00:00,2.4552161784621043
2025-09-29 01:00,2.424449276210183
2025-09-29 02:00,1.710813919488424
2025-09-29 03:00,6.063545164026308
2025-09-29 04:00,8.614829890884012
2025-09-29 05:00,9.510653672451856
2025-09-29 06:00,7.327638374464319
2025-09-29 07:00,8.972578391765381
2025-09-29 08:00,4.790298391719796
2025-09-29 09:00,4.468493955720157
2025-09-29 10:00,3.5617057491820714
2025-09-29 11:00,1.6252825436324199
2025-09-29 12:00,0.06700643074590426
2025-09-29 13:00,0.6816805351666374
2025-09-29 14:00,0.46804239950007487
2025-09-29 15:00,1.1921773718475908
2025-09-29 16:00,1.5669857970028507
2025-09-29 17:00,1.1522825961927199
2025-09-29 18:00,3.2994627592155426
2025-09-29 19:00,2.921570280613712
2025-09-29 20:00,4.144995743168962
2025-09-29 21:00,4.09745761198848
2025-09-29 22:00,3.2917050303909576
2025-09-29 23:00,4.233882474217303
2025-09-30 00:00,2.8929061382978394
2025-09-30 01:00,1.3848254975689536
2025-09-30 02:00,1.458363244502964
2025-09-30 03:00,1.330767877397257
2025-09-30 04:00,1.562911663013657
2025-09-30 05:00,1.2061901224861022
2025-09-30 06:00,1.5399304949746333
2025-09-30 07:00,1.9030035354340902
2025-09-30 08:00,1.9267641798034094
2025-09-30 09:00,1.6865534609152195
2025-09-30 10:00,0.8174102510886054
2025-09-30 11:00,0.33817509458347367
2025-09-30 12:00,0.3005581311566591
2025-09-30 13:00,0.4399018681311091
2025-09-30 14:00,0.6163432051670222
2025-09-30 15:00,0.9289099068379257
2025-09-30 16:00,1.3072113089577122
2025-09-30 17:00,5.167818903079748
2025-09-30 18:00,5.433321243891539
2025-09-30 19:00,6.180927796218203
2025-09-30 20:00,6.820472766900572
2025-09-30 21:00,4.6201478763835535
2025-09-30 22:00,3.9128868114972524
2025-09-30 23:00,5.801675080758509
2025-10-01 00:00,3.6938412999400105
2025-10-01 01:00,4.212550244191592
2025-10-01 02:00,4.591396413582441
2025-10-01 03:00,3.8298659523164695
2025-10-01 04:00,8.263573017103003
2025-10-01 05:00,6.87881666789213
2025-10-01 06:00,2.8567468760112797
2025-10-01 07:00,2.5927594228646256
2025-10-01 08:00,3.500894635875098
2025-10-01 09:00,3.5968976822089767
2025-10-01 10:00,1.1381495150320444
2025-10-01 11:00,0.820445682761772
2025-10-01 12:00,0.23708943301562274
2025-10-01 13:00,0.5021986273982001
2025-10-01 14:00,0.38067110208485777
2025-10-01 15:00,0.7634851556728838
2025-10-01 16:00,1.867793484367479
2025-10-01 17:00,3.121599559182028
2025-10-01 18:00,6.714934238850001
2025-10-01 19:00,5.743521781949814
2025-10-01 20:00,6.261655894680776
2025-10-01 21:00,5.469343390425884
2025-10-01 22:00,4.6166944713301765
2025-10-01 23:00,4.558511614198663
2025-10-02 00:00,1.346150548742899
2025-10-02 01:00,2.714723643320196
2025-10-02 02:00,2.2095819831744645
2025-10-02 03:00,2.505139303984308
2025-10-02 04:00,1.4832659812925937
2025-10-02 05:00,0.7994636136463431
2025-10-02 06:00,0.7998764666519812
2025-10-02 07:00,1.6892331083939582
2025-10-02 08:00,1.1000165037144647
2025-10-02 09:00,0.9487631807853956
2025-10-02 10:00,1.1815243458370923
2025-10-02 11:00,0.9200750799437033
2025-10-02 12:00,2.148469211098855
2025-10-02 13:00,2.9591583576021327
2025-10-02 14:00,0.8493921804484152
2025-10-02 15:00,1.316735515717223
2025-10-02 16:00,0.4195389453583751
2025-10-02 17:00,1.0891243682585672
2025-10-02 18:00,1.2174703520371852
2025-10-02 19:00,0.8491103460319095
2025-10-02 20:00,0.7077477972348399
2025-10-02 21:00,2.1524124965258435
2025-10-02 22:00,3.8771244411615435
2025-10-02 23:00,8.187963987718128
2025-10-03 00:00,1.6213550593978658
2025-10-03 01:00,0.7076933866382078
2025-10-03 02:00,1.5801759246305993
2025-10-03 03:00,2.149735292158829
2025-10-03 04:00,3.405606586222155
2025-10-03 05:00,3.0248599862935612
2025-10-03 06:00,2.909000533974133
2025-10-03 07:00,6.554342250385032
2025-10-03 08:00,4.79137098017212
2025-10-03 09:00,0.7428702989943916
2025-10-03 10:00,7.1436883331992185
2025-10-03 11:00,8.34658335473862
2025-10-03 12:00,8.901400294664857
2025-10-03 13:00,11.835922392275757
2025-10-03 14:00,11.89346809526851
2025-10-03 15:00,16.119852760879013
2025-10-03 16:00,10.693768081059359
2025-10-03 17:00,9.200237388775307
2025-10-03 18:00,12.295868202137411
2025-10-03 19:00,11.434041740500954
2025-10-03 20:00,9.145836411230897
2025-10-03 21:00,18.926778469919412
2025-10-03 22:00,20.500708320701012
2025-10-03 23:00,19.059054026178472
2025-10-04 00:00,3.4140746258915344
2025-10-04 01:00,2.4587649293250333
2025-10-04 02:00,2.40400370568512
2025-10-04 03:00,2.169245016734547
2025-10-04 04:00,4.596725924257597
2025-10-04 05:00,1.7126249271183271
2025-10-04 06:00,1.2077151149534133
2025-10-04 07:00,1.0372829473652656
2025-10-04 08:00,0.577052719912886
2025-10-04 09:00,0.8384752736581339
2025-10-04 10:00,7.017817557950846
2025-10-04 11:00,5.8267076277653835
2025-10-04 12:00,4.626324932888676
2025-10-04 13:00,1.5311970160422759
2025-10-04 14:00,1.9609629312646115
2025-10-04 15:00,1.986975063440623
2025-10-04 16:00,1.6656915547356033
2025-10-04 17:00,2.755429946373684
2025-10-04 18:00,2.3838121795216134
2025-10-04 19:00,0.8047594468178199
2025-10-04 20:00,0.6784368509954432
2025-10-04 21:00,1.542871695967758
2025-10-04 22:00,1.602571249105417
2025-10-04 23:00,0.721558801234979
2025-10-05 00:00,2.600843456529424
2025-10-05 01:00,1.6247687848961891
2025-10-05 02:00,1.6731135463900846
2025-10-05 03:00,1.1560939581675482
2025-10-05 04:00,1.1341138227674787
2025-10-05 05:00,2.22766356886375
2025-10-05 06:00,1.607636715579116
2025-10-05 07:00,0.62598009258012
2025-10-05 08:00,0.4942705548029034
2025-10-05 09:00,0.5807129439676882
2025-10-05 10:00,0.8512281678299026
2025-10-05 11:00,1.1473679811401927
2025-10-05 12:00,0.4912077648734042
2025-10-05 13:00,3.4222531963393092
2025-10-05 14:00,1.3958777654707653
2025-10-05 15:00,0.2980080111022911
2025-10-05 16:00,0.5101144701648983
2025-10-05 17:00,0.9376018880929925
2025-10-05 18:00,0.3475806669019011
2025-10-05 19:00,0.6200482816903834
2025-10-05 20:00,0.3892339477425187
2025-10-05 21:00,0.7294623033032358
2025-10-05 22:00,0.7308795680574076
2025-10-05 23:00,0.9448107102924675
2025-10-06 00:00,0.5125853008530313
2025-10-06 01:00,0.537802436507588
2025-10-06 02:00,0.7574310854985655
2025-10-06 03:00,0.6075342891774929
2025-10-06 04:00,2.460621059736988
2025-10-06 05:00,0.8464883183272572
2025-10-06 06:00,0.8847059761907368
2025-10-06 07:00,2.2220194163835534
2025-10-06 08:00,0.8586842602493849
2025-10-06 09:00,2.682227049136553
2025-10-06 10:00,4.4949824676394
2025-10-06 11:00,10.747814667363063
2025-10-06 12:00,19.687672308880156
2025-10-06 13:00,20.505521416209067
2025-10-06 14:00,11.296091450852117
2025-10-06 15:00,4.834518563325352
2025-10-06 16:00,1.9857533045881743
2025-10-06 17:00,6.90582818903226
2025-10-06 18:00,10.451366683666205
2025-10-06 19:00,20.17289731895502
2025-10-06 20:00,29.720423087290754
2025-10-06 21:00,44.251492600347795
2025-10-06 22:00,43.48142247411968
2025-10-06 23:00,35.587936749202285
2025-10-07 00:00,38.43259478022154
2025-10-07 01:00,38.76935495230753
2025-10-07 02:00,38.06783889537531
2025-10-07 03:00,31.75587753253905
2025-10-07 04:00,26.695763423748645
2025-10-07 05:00,27.111131433558203
2025-10-07 06:00,27.23634354294772
2025-10-07 07:00,16.649320089008924
2025-10-07 08:00,4.982872031476962
2025-10-07 09:00,1.0618409205910224
2025-10-07 10:00,1.0098349984875594
2025-10-07 11:00,0.558531779801457
2025-10-07 12:00,0.3854865685482464
2025-10-07 13:00,0.8121700944433479
2025-10-07 14:00,3.3395433043105314
2025-10-07 15:00,15.188268690537749
2025-10-07 16:00,11.005526402181014
2025-10-07 17:00,11.245232292958597
2025-10-07 18:00,12.626657926686828
2025-10-07 19:00,10.599265074103235
2025-10-07 20:00,7.4124274957742
2025-10-07 21:00,3.9253429038173944
2025-10-07 22:00,2.6685153931339776
2025-10-07 23:00,0.9399321283005442
2025-10-08 00:00,2.7871509104027945
2025-10-08 01:00,4.407524947975481
2025-10-08 02:00,5.187950419408885
2025-10-08 03:00,5.944782235824616
2025-10-08 04:00,5.302038604058254
2025-10-08 05:00,6.192759556557704
2025-10-08 06:00,6.237774124681883
2025-10-08 07:00,5.783105985089659
2025-10-08 08:00,8.21516761450038
2025-10-08 09:00,7.462075571930012
2025-10-08 10:00,5.45166755221445
2025-10-08 11:00,2.691398159758765
2025-10-08 12:00,1.0125672938678352
2025-10-08 13:00,3.5428349600069224
2025-10-08 14:00,4.30777820995099
2025-10-08 15:00,5.45608163582604
2025-10-08 16:00,6.226055691722105
2025-10-08 17:00,8.548077238474953
2025-10-08 18:00,4.851580162264903
2025-10-08 19:00,4.8666457296429675
2025-10-08 20:00,3.57487550873034
2025-10-08 21:00,5.529384965839215
2025-10-08 22:00,3.074458105691183
2025-10-08 23:00,3.120963830920031
2025-10-09 00:00,3.9122459565700707
2025-10-09 01:00,3.6796587155846394
2025-10-09 02:00,3.077557637993411
2025-10-09 03:00,4.12664328406284
2025-10-09 04:00,4.667082188373359
2025-10-09 05:00,3.312954961168288
2025-10-09 06:00,4.048420779487509
2025-10-09 07:00,4.32326634852045
2025-10-09 08:00,2.7171846336828382
2025-10-09 09:00,2.859162557758281
2025-10-09 10:00,1.5065580316030167
2025-10-09 11:00,1.2068194438702347
2025-10-09 12:00,0.3202524978359829
2025-10-09 13:00,0.03569229115138423
2025-10-09 14:00,0.04073818453455054
2025-10-09 15:00,1.0522561463459126
2025-10-09 16:00,0.5934796984472593
2025-10-09 17:00,1.4858197551092749
2025-10-09 18:00,1.4731323545057995
2025-10-09 19:00,3.5055596575178978
2025-10-09 20:00,13.411145000229107
2025-10-09 21:00,12.339382013978605
2025-10-09 22:00,1.7781958858592446
2025-10-09 23:00,1.9178927749555377
2025-10-10 00:00,4.6818315438050835
2025-10-10 01:00,2.096085812804944
2025-10-10 02:00,5.316347406602257
2025-10-10 03:00,5.919981531526302
2025-10-10 04:00,1.9375726292950288
2025-10-10 05:00,2.0550388955953633
2025-10-10 06:00,1.6890777317628076
2025-10-10 07:00,1.2939965997267135
2025-10-10 08:00,0.6024765008143657
2025-10-10 09:00,0.40847877534226934
2025-10-10 10:00,0.2631090142798066
2025-10-10 11:00,0.0
2025-10-10 12:00,0.0
2025-10-10 13:00,0.0
2025-10-10 14:00,0.38060285237682456
2025-10-10 15:00,0.0
2025-10-10 16:00,0.8274197418279089
2025-10-10 17:00,0.7693796464934379
2025-10-10 18:00,1.1046308102274502
2025-10-10 19:00,2.158784650972914
2025-10-10 20:00,1.7305091925212783
2025-10-10 21:00,1.2523560445322592
2025-10-10 22:00,5.4023393852177435
2025-10-10 23:00,0.7652744886956789
2025-10-11 00:00,2.2041298742133004
2025-10-11 01:00,0.7229914931148576
2025-10-11 02:00,0.9469579670059985
2025-10-11 03:00,0.578672188989729
2025-10-11 04:00,0.9584463676867399
2025-10-11 05:00,0.7292056407255866
2025-10-11 06:00,1.10551769678443
2025-10-11 07:00,0.8552421829562178
2025-10-11 08:00,1.5111995550536634
2025-10-11 09:00,0.1420011621044662
2025-10-11 10:00,0.666064575605657
2025-10-11 11:00,0.0
2025-10-11 12:00,0.0
2025-10-11 13:00,0.0
2025-10-11 14:00,0.0
2025-10-11 15:00,0.0
2025-10-11 16:00,0.0
2025-10-11 17:00,2.7207947206620027
2025-10-11 18:00,0.901756791031415
2025-10-11 19:00,2.7028981532887175
2025-10-11 20:00,5.983240495637237
2025-10-11 21:00,7.106588368679595
2025-10-11 22:00,0.6416742044623246
2025-10-11 23:00,2.4192955101482245
2025-10-12 00:00,3.7789309337040007
2025-10-12 01:00,3.865821637028612
2025-10-12 02:00,4.21471805489784
2025-10-12 03:00,5.094529283320224
2025-10-12 04:00,2.3542790795798227
2025-10-12 05:00,1.6875694394393057
2025-10-12 06:00,3.6841478329704698
2025-10-12 07:00,1.4258429659675584
2025-10-12 08:00,3.7563946998068727
2025-10-12 09:00,3.668710771523173
2025-10-12 10:00,3.1769113457952254
2025-10-12 11:00,3.1267037799379565
2025-10-12 12:00,2.900329051238535
2025-10-12 13:00,3.795144763972232
2025-10-12 14:00,4.086984087536374
2025-10-12 15:00,3.0539461263880794
2025-10-12 16:00,3.1138953181642584
2025-10-12 17:00,5.486244721881762
2025-10-12 18:00,4.556811816029586
2025-10-12 19:00,5.481958249191946
2025-10-12 20:00,2.351527722358281
2025-10-12 21:00,3.6117922665815376
2025-10-12 22:00,1.2302653504800012
2025-10-12 23:00,2.465103807498723
2025-10-13 00:00,4.319877691569259
2025-10-13 01:00,6.277835205652483
2025-10-13 02:00,0.8327653862052333
2025-10-13 03:00,2.325838432672958
2025-10-13 04:00,1.417590073254972
2025-10-13 05:00,0.9540202548067936
2025-10-13 06:00,0.7044948430514352
2025-10-13 07:00,3.1341322532680005
2025-10-13 08:00,5.361350940923359
2025-10-13 09:00,4.244200340935795
2025-10-13 10:00,7.406599480776163
2025-10-13 11:00,5.142277916238927
2025-10-13 12:00,4.686684132326705
2025-10-13 13:00,6.733094171350289
2025-10-13 14:00,20.342628691423485
2025-10-13 15:00,14.050158340739038
2025-10-13 16:00,30.47518048733962
2025-10-13 17:00,32.883210789173575
2025-10-13 18:00,31.321363074576286
2025-10-13 19:00,12.270812582303066
2025-10-13 20:00,6.80445631909223
2025-10-13 21:00,5.111465962047663
2025-10-13 22:00,3.938903872374918
2025-10-13 23:00,4.760403479227944
2025-10-14 00:00,3.6440051881215876
2025-10-14 01:00,6.811866912659785
2025-10-14 02:00,8.67144266271202
2025-10-14 03:00,8.329757032809804
2025-10-14 04:00,9.054736795931893
2025-10-14 05:00,6.3733608950924125
2025-10-14 06:00,5.8707045836940726
2025-10-14 07:00,6.210499576870248
2025-10-14 08:00,5.506472186663492
2025-10-14 09:00,5.143993378109475
2025-10-14 10:00,4.51448180034211
2025-10-14 11:00,1.281649643391452
2025-10-14 12:00,1.3219163368043725
2025-10-14 13:00,0.8132122570662533
2025-10-14 14:00,1.0915143248882369
2025-10-14 15:00,2.2697225715275264
2025-10-14 16:00,1.6269936267029494
2025-10-14 17:00,2.300670531230089
2025-10-14 18:00,2.5077513382083025
2025-10-14 19:00,1.6520353190794834
2025-10-14 20:00,1.5984572677008533
2025-10-14 21:00,2.056602712241596
2025-10-14 22:00,2.4910369856353234
2025-10-14 23:00,4.122331001507076
2025-10-15 00:00,3.561533807784754
2025-10-15 01:00,1.382339791642907
2025-10-15 02:00,3.921338163017351
2025-10-15 03:00,3.89191211494755
2025-10-15 04:00,3.136730523570371
2025-10-15 05:00,4.032774243150735
2025-10-15 06:00,4.6310226038524975
2025-10-15 07:00,4.078584930298864
2025-10-15 08:00,2.388510088442119
2025-10-15 09:00,2.063039517483123
2025-10-15 10:00,1.7242438748675373
2025-10-15 11:00,1.985145325947613
2025-10-15 12:00,0.7212842981651227
2025-10-15 13:00,0.6684191009362531
2025-10-15 14:00,1.4239692264545765
2025-10-15 15:00,2.459408132733076
2025-10-15 16:00,1.3947145013719422
2025-10-15 17:00,0.6096448717612659
2025-10-15 18:00,5.736492081656342
2025-10-15 19:00,4.1176765062702945
2025-10-15 20:00,2.2711989719325474
2025-10-15 21:00,9.260495251015039
2025-10-15 22:00,10.404989395321728
2025-10-15 23:00,11.859428148826076
2025-10-16 00:00,31.34650711250544
2025-10-16 01:00,35.07429441940224
2025-10-16 02:00,42.34807024196721
2025-10-16 03:00,38.318908366639896
2025-10-16 04:00,29.20049828308354
2025-10-16 05:00,38.64550707054714
2025-10-16 06:00,29.60102597157486
2025-10-16 07:00,15.689791330304287
2025-10-16 08:00,4.9499147859182555
2025-10-16 09:00,6.2710229951074234
2025-10-16 10:00,7.873733916551176
2025-10-16 11:00,4.3941592211460065
2025-10-16 12:00,7.011155006316773
2025-10-16 13:00,3.8505565206627503
2025-10-16 14:00,3.4950165044756565
2025-10-16 15:00,9.626038640113793
2025-10-16 16:00,11.381478158747614
2025-10-16 17:00,11.917364479131514
2025-10-16 18:00,6.7974045506006835
2025-10-16 19:00,5.217835071897224
2025-10-16 20:00,5.62445133552604
2025-10-16 21:00,6.359932258687437
2025-10-16 22:00,8.525004339085298
2025-10-16 23:00,6.719991128837557
2025-10-17 00:00,6.347745135756675
2025-10-17 01:00,4.939064854824427
2025-10-17 02:00,3.7652726351526193
2025-10-17 03:00,3.5634306647249296
2025-10-17 04:00,4.670879213484183
2025-10-17 05:00,4.371240640536595
2025-10-17 06:00,4.258634001326018
2025-10-17 07:00,3.8708348725491994
2025-10-17 08:00,2.82898788737701
2025-10-17 09:00,1.8034190936744872
2025-10-17 10:00,0.19512898242499926
2025-10-17 11:00,0.0
2025-10-17 12:00,0.14682467866466192
2025-10-17 13:00,0.18550045463714532
2025-10-17 14:00,0.2621141801744359
2025-10-17 15:00,0.4033727109247779
2025-10-17 16:00,1.6252193719424073
2025-10-17 17:00,3.050567770596646
2025-10-17 18:00,6.022563960396799
2025-10-17 19:00,8.586403132116752
2025-10-17 20:00,5.410125317683537
2025-10-17 21:00,0.3840767552538541
2025-10-17 22:00,27.824439605960894
2025-10-17 23:00,23.7162308998052
2025-10-18 00:00,1.809470319833983
2025-10-18 01:00,9.283846232578714
2025-10-18 02:00,14.227515261317746
2025-10-18 03:00,25.271681380923134
2025-10-18 04:00,22.98687140660221
2025-10-18 05:00,11.294141368151454
2025-10-18 06:00,11.775872472447091
2025-10-18 07:00,22.9420383529822
2025-10-18 08:00,16.868446589618443
2025-10-18 09:00,8.966050937208292
2025-10-18 10:00,14.760885643499137
2025-10-18 11:00,21.526050783554396
2025-10-18 12:00,28.436531292992143
2025-10-18 13:00,26.250509087528265
2025-10-18 14:00,21.529633535220658
2025-10-18 15:00,17.247041143745328
2025-10-18 16:00,11.728152305974632
2025-10-18 17:00,9.741137483821753
2025-10-18 18:00,15.09713192905961
2025-10-18 19:00,17.84487996683193
2025-10-18 20:00,17.26515442733658
2025-10-18 21:00,9.868251851672042
2025-10-18 22:00,10.57098827572021
2025-10-18 23:00,8.601320829330305
2025-10-19 00:00,9.182127559634042
2025-10-19 01:00,8.884192289248734
2025-10-19 02:00,4.690648058801221
2025-10-19 03:00,4.850255905338646
2025-10-19 04:00,6.053793415717657
2025-10-19 05:00,7.558560933394676
2025-10-19 06:00,8.555641049573191
2025-10-19 07:00,5.911234188548662
2025-10-19 08:00,5.918150490807506
2025-10-19 09:00,1.8386817809448057
2025-10-19 10:00,0.968873514001735
2025-10-19 11:00,2.0357963340675127
2025-10-19 12:00,2.1170493805563333
2025-10-19 13:00,2.1163027930426406
2025-10-19 14:00,10.92694258054156
2025-10-19 15:00,5.050947326902083
2025-10-19 16:00,12.804569963499915
2025-10-19 17:00,19.113810861407693
2025-10-19 18:00,31.74608835830002
2025-10-19 19:00,43.84730553932832
2025-10-19 20:00,47.04012835654898
2025-10-19 21:00,44.1357581294434
2025-10-19 22:00,37.5050438133217
2025-10-19 23:00,34.990633613074145
2025-10-20 00:00,42.931971986636896
2025-10-20 01:00,37.925204099225105
2025-10-20 02:00,48.104614508316395
2025-10-20 03:00,45.736621025351354
2025-10-20 04:00,42.5638072056327
2025-10-20 05:00,46.77058093727742
2025-10-20 06:00,38.38595396635031
2025-10-20 07:00,35.449890852745426
2025-10-20 08:00,34.99229259393011
2025-10-20 09:00,25.065486717109824
2025-10-20 10:00,15.629357410832144
2025-10-20 11:00,13.047158455861029
2025-10-20 12:00,7.527898722933785
2025-10-20 13:00,12.266717121829188
2025-10-20 14:00,14.490396869570652
2025-10-20 15:00,11.669902911085387
2025-10-20 16:00,15.230826035968416
2025-10-20 17:00,16.699927390691702
2025-10-20 18:00,24.319544938302908
2025-10-20 19:00,33.848167678156145
2025-10-20 20:00,31.700017684501006
2025-10-20 21:00,30.46637379201411
2025-10-20 22:00,25.074436980872303
2025-10-20 23:00,26.572707253730396
2025-10-21 00:00,25.105094604087476
2025-10-21 01:00,24.377393081573366
2025-10-21 02:00,21.911463797166682
2025-10-21 03:00,24.20687173675069
2025-10-21 04:00,21.060021323462223
2025-10-21 05:00,19.486198446787913
2025-10-21 06:00,21.966318194168334
2025-10-21 07:00,22.462292221298696
2025-10-21 08:00,22.35018059684031
2025-10-21 09:00,13.187160354615122
2025-10-21 10:00,10.321529235005196
2025-10-21 11:00,7.531775533362484
2025-10-21 12:00,5.751611428984638
2025-10-21 13:00,5.776206792435094
2025-10-21 14:00,13.337342981036443
2025-10-21 15:00,13.875229513148042
2025-10-21 16:00,15.72207567305383
2025-10-21 17:00,16.343217540695235
2025-10-21 18:00,29.5614658921261
2025-10-21 19:00,34.208284857781365
2025-10-21 20:00,35.396105452758
2025-10-21 21:00,32.038793344182096
2025-10-21 22:00,26.352327871552085
2025-10-21 23:00,26.632375651203958
2025-10-22 00:00,21.42485503623278
2025-10-22 01:00,21.7123783248197
2025-10-22 02:00,20.629966273819278
2025-10-22 03:00,17.08185679134663
2025-10-22 04:00,15.26292663784694
2025-10-22 05:00,18.38965812177404
2025-10-22 06:00,18.40124990417748
2025-10-22 07:00,18.70433837374899
2025-10-22 08:00,11.550437258247303
2025-10-22 09:00,11.687855436094454
2025-10-22 10:00,7.2456799849027425
2025-10-22 11:00,2.858808161221794
2025-10-22 12:00,2.72754791479917
2025-10-22 13:00,2.9817532574337924
2025-10-22 14:00,3.110470539660172
2025-10-22 15:00,3.702323813465214
2025-10-22 16:00,4.20497593835152
2025-10-22 17:00,4.811994540890778
2025-10-22 18:00,9.428027774758384
2025-10-22 19:00,14.76783965063834
2025-10-22 20:00,12.107458563966606
2025-10-22 21:00,9.822835524178531
2025-10-22 22:00,6.54346626453204
2025-10-22 23:00,5.020764228988168
2025-10-23 00:00,6.874097510720721
2025-10-23 01:00,7.231288747801738
2025-10-23 02:00,10.094473616224207
2025-10-23 03:00,8.024735642616612
2025-10-23 04:00,9.18315484856128
2025-10-23 05:00,9.334774419253085
2025-10-23 06:00,6.955805275036352
2025-10-23 07:00,5.263461326318997
2025-10-23 08:00,2.9231800001826604
2025-10-23 09:00,1.1699171637834416
2025-10-23 10:00,1.9101942482525696
2025-10-23 11:00,0.29868097437342833
2025-10-23 12:00,1.084259997239408
2025-10-23 13:00,0.23744896805838692
2025-10-23 14:00,1.4427460884206558
2025-10-23 15:00,2.124894120892851
2025-10-23 16:00,2.2654464023930907
2025-10-23 17:00,3.4969248443641585
2025-10-23 18:00,9.16771781557097
2025-10-23 19:00,11.287530227130194
2025-10-23 20:00,13.361701519553428
2025-10-23 21:00,15.400318318457042
2025-10-23 22:00,9.760703549809547
2025-10-23 23:00,9.561506492811526
2025-10-24 00:00,13.192142071718031
2025-10-24 01:00,14.002123790922196
2025-10-24 02:00,11.111184403784911
2025-10-24 03:00,10.986820841880816
2025-10-24 04:00,14.162407861508846
2025-10-24 05:00,12.490322170521814
2025-10-24 06:00,10.840769853889705
2025-10-24 07:00,10.224646420474684
2025-10-24 08:00,8.64119502619448
2025-10-24 09:00,6.8595985409976175
2025-10-24 10:00,5.1229260854405245
2025-10-24 11:00,1.5219271863654171
2025-10-24 12:00,1.9008697795048952
2025-10-24 13:00,2.927887546308998
2025-10-24 14:00,1.8823446555544192
2025-10-24 15:00,0.8713470077464154
2025-10-24 16:00,3.03170848090572
2025-10-24 17:00,5.582927111074926
2025-10-24 18:00,7.0098198859695415
2025-10-24 19:00,7.780869554270391
2025-10-24 20:00,9.90660642774711
2025-10-24 21:00,9.807970915720041
2025-10-24 22:00,8.833273417198821
2025-10-24 23:00,7.216947085972225
2025-10-25 00:00,1.693002916790887
2025-10-25 01:00,1.7216941568828772
2025-10-25 02:00,8.552216163341802
2025-10-25 03:00,2.2644614958087055
2025-10-25 04:00,5.047631195195309
2025-10-25 05:00,6.471730020176911
2025-10-25 06:00,4.223364377968812
2025-10-25 07:00,6.580493609717606
2025-10-25 08:00,9.037914272746846
2025-10-25 09:00,7.809403331568131
2025-10-25 10:00,6.489567995222525
2025-10-25 11:00,4.411177999830659
2025-10-25 12:00,3.409475859749354
2025-10-25 13:00,3.80274124819742
2025-10-25 14:00,3.40904484302856
2025-10-25 15:00,3.359569234897847
2025-10-25 16:00,2.9236606067123696
2025-10-25 17:00,9.009292837977181
2025-10-25 18:00,20.412249423003857
2025-10-25 19:00,16.990248143642308
2025-10-25 20:00,26.497361552104252
2025-10-25 21:00,19.08259407995014
2025-10-25 22:00,12.553562127087748
2025-10-25 23:00,10.280908036677669
2025-10-26 00:00,9.870909180544702
2025-10-26 01:00,12.236193111867287
2025-10-26 02:00,10.365860279241087
2025-10-26 03:00,12.412933378442627
2025-10-26 04:00,18.505524978971817
2025-10-26 05:00,18.176696196557092
2025-10-26 06:00,15.156066542424057
2025-10-26 07:00,10.405798076615346
2025-10-26 08:00,7.515981520940596
2025-10-26 09:00,8.969843223563231
2025-10-26 10:00,6.072314534251356
2025-10-26 11:00,2.5040618924393465
2025-10-26 12:00,8.73867485832016
2025-10-26 13:00,6.620563702576811
2025-10-26 14:00,8.240642938552618
2025-10-26 15:00,7.770984122255926
2025-10-26 16:00,11.154543779384003
2025-10-26 17:00,10.496520507334996
2025-10-26 18:00,14.965585793420981
2025-10-26 19:00,20.183666920246754
2025-10-26 20:00,23.11683662533456
2025-10-26 21:00,24.835848166362908
2025-10-26 22:00,7.2022018450292435
2025-10-26 23:00,8.01892014402021
2025-10-27 00:00,14.569562697191403
2025-10-27 01:00,42.60723369463511
2025-10-27 02:00,55.00500340213358
2025-10-27 03:00,38.4580050389947
2025-10-27 04:00,50.612649162065765
2025-10-27 05:00,58.62917015403613
2025-10-27 06:00,53.14098987883532
2025-10-27 07:00,46.60422774489488
2025-10-27 08:00,41.71545977863679
2025-10-27 09:00,31.406579050986497
2025-10-27 10:00,22.82758816518668
2025-10-27 11:00,7.73791901636677
2025-10-27 12:00,6.66012912858623
2025-10-27 13:00,16.388135798112625
2025-10-27 14:00,25.604172117650233
2025-10-27 15:00,34.28999829899878
2025-10-27 16:00,34.12533143273101
2025-10-27 17:00,20.05527257646074
2025-10-27 18:00,22.508366476227312
2025-10-27 19:00,31.493126991166786
2025-10-27 20:00,25.2204853307122
2025-10-27 21:00,27.108751496761986
2025-10-27 22:00,23.454460137455516
2025-10-27 23:00,22.72472042186514
2025-10-28 00:00,8.922709957438204
2025-10-28 01:00,9.595053416275436
2025-10-28 02:00,14.545660683814411
2025-10-28 03:00,32.71058744758134
2025-10-28 04:00,32.2453918689252
2025-10-28 05:00,16.327788160102266
2025-10-28 06:00,12.73067500156665
2025-10-28 07:00,18.433147176055552
2025-10-28 08:00,17.478113993262404
2025-10-28 09:00,10.238886836612297
2025-10-28 10:00,8.147474540841733
2025-10-28 11:00,10.648479768735706
2025-10-28 12:00,7.291583979721984
2025-10-28 13:00,6.6148017358118505
2025-10-28 14:00,4.968458859261131
2025-10-28 15:00,3.2725669397170276
2025-10-28 16:00,5.999923277765193
2025-10-28 17:00,3.6088171900929846
2025-10-28 18:00,4.288258115561587
2025-10-28 19:00,5.206082303685438
2025-10-28 20:00,3.051137842930321
2025-10-28 21:00,4.283241628867222
2025-10-28 22:00,4.234000064160917
2025-10-28 23:00,4.047576202032391
2025-10-29 00:00,10.072186964835284
2025-10-29 01:00,8.489792967051647
2025-10-29 02:00,6.9653078438571425
2025-10-29 03:00,8.713355005640109
2025-10-29 04:00,12.948705918105842
2025-10-29 05:00,11.240112457074522
2025-10-29 06:00,9.641835311083048
2025-10-29 07:00,12.797929523279619
2025-10-29 08:00,5.6532842076847984
2025-10-29 09:00,2.77409507142401
2025-10-29 10:00,2.30083599884949
2025-10-29 11:00,0.38251716189817314
2025-10-29 12:00,0.133308964931753
2025-10-29 13:00,0.5620150319745071
2025-10-29 14:00,0.6905682831281786
2025-10-29 15:00,1.382935333990245
2025-10-29 16:00,3.9909035027645032
2025-10-29 17:00,4.371686244554099
2025-10-29 18:00,17.199392751285284
2025-10-29 19:00,8.858783615073511
2025-10-29 20:00,4.340442831244793
2025-10-29 21:00,3.0499095669959493
2025-10-29 22:00,2.8126720728540935
2025-10-29 23:00,2.649820497952079
2025-10-30 00:00,5.525724805107626
2025-10-30 01:00,4.792299468791043
2025-10-30 02:00,5.598695842295894
2025-10-30 03:00,7.589095594435139
2025-10-30 04:00,7.444453067202108
2025-10-30 05:00,9.189287501671979
2025-10-30 06:00,8.913441731673258
2025-10-30 07:00,4.952412293716467
2025-10-30 08:00,3.174777824208909
2025-10-30 09:00,3.09554590948214
2025-10-30 10:00,1.8220675229383603
2025-10-30 11:00,1.867920703039761
2025-10-30 12:00,0.9241984600273505
2025-10-30 13:00,1.323081981777339
2025-10-30 14:00,0.7768166383614181
2025-10-30 15:00,0.912758408772713
2025-10-30 16:00,0.7503851903816176
2025-10-30 17:00,1.6524016155103476
2025-10-30 18:00,7.054362921219883
2025-10-30 19:00,7.028825530619392
2025-10-30 20:00,8.404373252352986
2025-10-30 21:00,9.397903431230809
2025-10-30 22:00,3.9576359636542797
2025-10-30 23:00,3.1391090951965834
2025-10-31 00:00,12.297371078344272
2025-10-31 01:00,13.622325458385854
2025-10-31 02:00,7.028924918681915
2025-10-31 03:00,9.312510852887481
2025-10-31 04:00,7.755683505716224
2025-10-31 05:00,11.860006981412958
2025-10-31 06:00,12.790988149248237
2025-10-31 07:00,10.296331321707529
2025-10-31 08:00,7.50230594937415
2025-10-31 09:00,5.140650821011142
2025-10-31 10:00,0.6642273206114745
2025-10-31 11:00,0.6010193049387449
2025-10-31 12:00,1.623765181652184
2025-10-31 13:00,3.1412021673177355
2025-10-31 14:00,1.9710767855749922
2025-10-31 15:00,4.410303822050012
2025-10-31 16:00,6.427394132533933
2025-10-31 17:00,10.240020887021252
2025-10-31 18:00,13.1008970951909
2025-10-31 19:00,6.889613121938421
2025-10-31 20:00,9.630559027696423
2025-10-31 21:00,9.661770660707026
2025-10-31 22:00,11.683775116359827
2025-10-31 23:00,21.405841428771847
2025-11-01 00:00,5.102016577263684
2025-11-01 01:00,8.498367023009537
2025-11-01 02:00,12.490627351716466
2025-11-01 03:00,5.006079217334675
2025-11-01 04:00,6.632036236399932
2025-11-01 05:00,23.236168373513607
2025-11-01 06:00,27.441407790377013
2025-11-01 07:00,25.39887106744793
2025-11-01 08:00,21.908661355198138
2025-11-01 09:00,18.61329062826423
2025-11-01 10:00,27.38508031755407
2025-11-01 11:00,18.894300563188796
2025-11-01 12:00,18.28400247374665
2025-11-01 13:00,10.721425344888953
2025-11-01 14:00,8.76123318760764
2025-11-01 15:00,12.186840282261342
2025-11-01 16:00,10.38940170039561
2025-11-01 17:00,16.35654551695326
2025-11-01 18:00,22.080398689865063
2025-11-01 19:00,32.801499222487635
2025-11-01 20:00,25.963724589437444
2025-11-01 21:00,20.70051458807697
2025-11-01 22:00,14.659566465256518
2025-11-01 23:00,29.47606783278368
2025-11-02 00:00,34.853215253577105
2025-11-02 01:00,39.7890874265435
2025-11-02 02:00,39.92719183208734
2025-11-02 03:00,43.320493802856454
2025-11-02 04:00,29.614957063481498
2025-11-02 05:00,31.154125121121535
2025-11-02 06:00,29.863884389764358
2025-11-02 07:00,35.764625940820736
2025-11-02 08:00,34.56988216438851
2025-11-02 09:00,48.27063534714585
2025-11-02 10:00,50.31221558243033
2025-11-02 11:00,42.42474649612963
2025-11-02 12:00,40.55924855888899
2025-11-02 13:00,41.35996696438576
2025-11-02 14:00,50.044954442252205
2025-11-02 15:00,43.56031579235634
2025-11-02 16:00,45.6693363356949
2025-11-02 17:00,51.355820015747796
2025-11-02 18:00,48.90201135515286
2025-11-02 19:00,50.559940545604576
2025-11-02 20:00,50.28224028714423
2025-11-02 21:00,46.47404071833737
2025-11-02 22:00,44.11265387193961
2025-11-02 23:00,41.23515731727597
2025-11-03 00:00,43.47575022636513
2025-11-03 01:00,42.80957485219069
2025-11-03 02:00,39.424191474341576
2025-11-03 03:00,40.31496301539925
2025-11-03 04:00,32.85001133687766
2025-11-03 05:00,24.11258549916549
2025-11-03 06:00,16.138048552950117
2025-11-03 07:00,11.723405940270748
2025-11-03 08:00,9.370045618485912
2025-11-03 09:00,6.025615346267372
2025-11-03 10:00,4.284466495637403
2025-11-03 11:00,1.8821269247080032
2025-11-03 12:00,1.2926933161059828
2025-11-03 13:00,1.2226670004004956
2025-11-03 14:00,2.07529878619851
2025-11-03 15:00,1.7788818843391117
2025-11-03 16:00,1.4050717653388736
2025-11-03 17:00,1.4327981656047717
2025-11-03 18:00,5.259829269660158
2025-11-03 19:00,4.303025394170217
2025-11-03 20:00,5.581829158893977
2025-11-03 21:00,5.069438812988228
2025-11-03 22:00,5.013527371407167
2025-11-03 23:00,4.398483846329253
2025-11-04 00:00,6.71863723111405
2025-11-04 01:00,6.44085532043854
2025-11-04 02:00,5.910464778275042
2025-11-04 03:00,6.469056549842428
2025-11-04 04:00,5.784717298008526
2025-11-04 05:00,6.320075611373162
2025-11-04 06:00,3.3011993329474607
2025-11-04 07:00,4.977081907865557
2025-11-04 08:00,3.153146612248952
2025-11-04 09:00,3.242576223938697
2025-11-04 10:00,1.7400925302114632
2025-11-04 11:00,1.622361877532296
2025-11-04 12:00,1.241026028357893
2025-11-04 13:00,1.6343882951494932
2025-11-04 14:00,0.8473958021707061
2025-11-04 15:00,0.17466718698017725
2025-11-04 16:00,1.0978511005509362
2025-11-04 17:00,2.6021894568105224
2025-11-04 18:00,14.0922763711479
2025-11-04 19:00,9.70909751177043
2025-11-04 20:00,8.76756993752985
2025-11-04 21:00,9.05402766134946
2025-11-04 22:00,6.4010065680883335
2025-11-04 23:00,9.157405013988193
2025-11-05 00:00,10.118572608879067
2025-11-05 01:00,10.518304039791802
2025-11-05 02:00,6.793181923553287
2025-11-05 03:00,8.932417935221185
2025-11-05 04:00,11.392853688633247
2025-11-05 05:00,8.551299724667858
2025-11-05 06:00,9.026649319742669
2025-11-05 07:00,5.209451413065829
2025-11-05 08:00,4.144561727445899
2025-11-05 09:00,3.6468745819211
2025-11-05 10:00,3.942798764442785
2025-11-05 11:00,0.45900427332242155
2025-11-05 12:00,1.0230748733576258
2025-11-05 13:00,1.1978188277622772
2025-11-05 14:00,2.7784174965018393
2025-11-05 15:00,2.8669562545814022
2025-11-05 16:00,2.5999483361979325
2025-11-05 17:00,5.987972759745728
2025-11-05 18:00,12.20903771573757
2025-11-05 19:00,9.913201816021228
2025-11-05 20:00,6.135159559734536
2025-11-05 21:00,7.7430412946369
2025-11-05 22:00,5.252002097257539
2025-11-05 23:00,9.569952653430018
2025-11-06 00:00,13.762196984605923
2025-11-06 01:00,14.015225466104107
2025-11-06 02:00,11.62366432315678
2025-11-06 03:00,9.450938010227995
2025-11-06 04:00,12.57330847093722
2025-11-06 05:00,11.210031632866405
2025-11-06 06:00,10.901257301165202
2025-11-06 07:00,7.48237178886707
2025-11-06 08:00,4.01955727437117
2025-11-06 09:00,6.13182386687144
2025-11-06 10:00,6.420960242708861
2025-11-06 11:00,4.102478383533945
2025-11-06 12:00,1.191154120441393
2025-11-06 13:00,1.8629806249539047
2025-11-06 14:00,2.448984257809256
2025-11-06 15:00,3.948016153571435
2025-11-06 16:00,5.398638231439783
2025-11-06 17:00,4.700383335139006
2025-11-06 18:00,12.239273061078286
2025-11-06 19:00,9.320881259607042
2025-11-06 20:00,8.694600633161985
2025-11-06 21:00,9.003083691009005
2025-11-06 22:00,5.597695650424386
2025-11-06 23:00,7.170594519421071
2025-11-07 00:00,2.228905505807005
2025-11-07 01:00,4.409638503440085
2025-11-07 02:00,0.5507225863108918
2025-11-07 03:00,1.9095425585467718
2025-11-07 04:00,0.8271810516292972
2025-11-07 05:00,1.3367564879469882
2025-11-07 06:00,2.164172670786826
2025-11-07 07:00,3.0144817625487335
2025-11-07 08:00,0.4906264054394906
2025-11-07 09:00,0.0
2025-11-07 10:00,0.9178416704089895
2025-11-07 11:00,0.0
2025-11-07 12:00,0.0
2025-11-07 13:00,0.0
2025-11-07 14:00,0.26897373706878863
2025-11-07 15:00,0.7658064052617714
2025-11-07 16:00,0.7272969488478939
2025-11-07 17:00,2.5781571664962644
2025-11-07 18:00,5.4413124256765455
2025-11-07 19:00,4.446531080042502
2025-11-07 20:00,1.1829352494097345
2025-11-07 21:00,2.8967690579379815
2025-11-07 22:00,1.902828123144283
2025-11-07 23:00,5.536723329898181
2025-11-08 00:00,2.3181789765267946
2025-11-08 01:00,9.780754334811053
2025-11-08 02:00,5.375157285066378
2025-11-08 03:00,7.522308842758923
2025-11-08 04:00,5.9750745021775264
2025-11-08 05:00,6.16075016745718
2025-11-08 06:00,2.9268155903161523
2025-11-08 07:00,4.6130311865024005
2025-11-08 08:00,3.124334127363862
2025-11-08 09:00,1.1360538446993815
2025-11-08 10:00,0.5309936972741252
2025-11-08 11:00,0.0
2025-11-08 12:00,0.0
2025-11-08 13:00,0.0
2025-11-08 14:00,1.3378458322371918
2025-11-08 15:00,0.30449277971898103
2025-11-08 16:00,0.3837804556288533
2025-11-08 17:00,2.2189580396620703
2025-11-08 18:00,3.7743618759824282
2025-11-08 19:00,2.856215043430197
2025-11-08 20:00,2.5288304308128873
2025-11-08 21:00,18.279938593207163
2025-11-08 22:00,28.677899988453948
2025-11-08 23:00,17.222460872908904
2025-11-09 00:00,1.3243756218609164
2025-11-09 01:00,1.7703488602720707
2025-11-09 02:00,2.264425457479407
2025-11-09 03:00,3.1070933430510586
2025-11-09 04:00,1.1174531032625505
2025-11-09 05:00,7.770757694779916
2025-11-09 06:00,20.58051882930226
2025-11-09 07:00,14.894523544383928
2025-11-09 08:00,11.836785463737028
2025-11-09 09:00,8.556978351828603
2025-11-09 10:00,9.444439422393351
2025-11-09 11:00,8.684680924274112
2025-11-09 12:00,7.285893659999349
2025-11-09 13:00,9.410251091201282
2025-11-09 14:00,10.533123292202934
2025-11-09 15:00,13.199868165225627
2025-11-09 16:00,6.777565454473983
2025-11-09 17:00,7.570869914560042
2025-11-09 18:00,14.400249259505197
2025-11-09 19:00,20.38217797726668
2025-11-09 20:00,28.130674012102023
2025-11-09 21:00,35.268968966350805
2025-11-09 22:00,45.675574759354866
2025-11-09 23:00,46.59489555942436
2025-11-10 00:00,44.61295635264857
2025-11-10 01:00,44.73083829712731
2025-11-10 02:00,47.42742724081685
2025-11-10 03:00,40.632248217863484
2025-11-10 04:00,39.77482168571153
2025-11-10 05:00,28.0426886192931
2025-11-10 06:00,15.378321029069266
2025-11-10 07:00,25.584641706941255
2025-11-10 08:00,23.25235040040585
2025-11-10 09:00,30.50604884398365
2025-11-10 10:00,36.67924733599914
2025-11-10 11:00,29.824255865837166
2025-11-10 12:00,26.102306714815757
2025-11-10 13:00,24.405443695020885
2025-11-10 14:00,15.852860620200719
2025-11-10 15:00,15.62974684086786
2025-11-10 16:00,13.884355305629033
2025-11-10 17:00,12.06131104226018
2025-11-10 18:00,15.338823749494782
2025-11-10 19:00,23.360756182858132
2025-11-10 20:00,16.700243577468605
2025-11-10 21:00,14.306399422141062
2025-11-10 22:00,11.762859108301884
2025-11-10 23:00,10.497886557740866
2025-11-11 00:00,8.419394960224675
2025-11-11 01:00,7.772275752331395
2025-11-11 02:00,9.716124719874143
2025-11-11 03:00,12.452158299736304
2025-11-11 04:00,17.612829443376928
2025-11-11 05:00,16.817597373716218
2025-11-11 06:00,13.096000042073975
2025-11-11 07:00,12.06727016418431
2025-11-11 08:00,6.900943616075221
2025-11-11 09:00,2.5974577065499713
2025-11-11 10:00,1.3196835952707042
2025-11-11 11:00,2.150914090094934
2025-11-11 12:00,2.8534197234764713
2025-11-11 13:00,3.8126881238209682
2025-11-11 14:00,3.423488930086004
2025-11-11 15:00,3.407556169050721
2025-11-11 16:00,6.456435623083825
2025-11-11 17:00,6.481275001644742
2025-11-11 18:00,14.537451087786863
2025-11-11 19:00,12.988837518048552
2025-11-11 20:00,9.739957971855244
2025-11-11 21:00,5.955440396327025
2025-11-11 22:00,6.531782855146487
2025-11-11 23:00,3.24053658853501
2025-11-12 00:00,14.347125906732494
2025-11-12 01:00,14.795051032088328
2025-11-12 02:00,10.603084040882758
2025-11-12 03:00,9.25725766608886
2025-11-12 04:00,4.499194406786196
2025-11-12 05:00,6.059215465721171
2025-11-12 06:00,7.733409764780994
2025-11-12 07:00,10.33879247856153
2025-11-12 08:00,5.2478841172275335
2025-11-12 09:00,1.4305572012433527
2025-11-12 10:00,1.9585781910821987
2025-11-12 11:00,1.8521510892493902
2025-11-12 12:00,2.068794235230607
2025-11-12 13:00,1.0849346755685727
2025-11-12 14:00,0.258850478446426
2025-11-12 15:00,0.9391573464559584
2025-11-12 16:00,1.8244613313569096
2025-11-12 17:00,3.995634429502331
2025-11-12 18:00,11.640718843045356
2025-11-12 19:00,9.179138879592834
2025-11-12 20:00,3.7078270522750563
2025-11-12 21:00,4.730636076423815
2025-11-12 22:00,6.074208393956748
2025-11-12 23:00,5.537450226876983
2025-11-13 00:00,7.1421956697426205
2025-11-13 01:00,8.638083926697119
2025-11-13 02:00,4.535703244876171
2025-11-13 03:00,10.16074221169258
2025-11-13 04:00,8.256496515783798
2025-11-13 05:00,9.089783063642406
2025-11-13 06:00,6.30089885529479
2025-11-13 07:00,4.4559429654779485
2025-11-13 08:00,3.4024750426483754
2025-11-13 09:00,1.0778050349399355
2025-11-13 10:00,1.62534017864501
2025-11-13 11:00,0.9860695664328522
2025-11-13 12:00,0.7137827299314933
2025-11-13 13:00,0.7475214628102099
2025-11-13 14:00,2.02447995555665
2025-11-13 15:00,5.918081072215955
2025-11-13 16:00,9.372682381082932
2025-11-13 17:00,13.912864231642779
2025-11-13 18:00,22.54871330978504
2025-11-13 19:00,21.49002636366417
2025-11-13 20:00,18.108859891038616
2025-11-13 21:00,21.878904748895053
2025-11-13 22:00,16.140304787723565
2025-11-13 23:00,14.898688970879373
2025-11-14 00:00,9.485898707228607
2025-11-14 01:00,15.777033152491292
2025-11-14 02:00,15.598049388136078
2025-11-14 03:00,17.80781135222043
2025-11-14 04:00,18.228336814525345
2025-11-14 05:00,14.260600663572768
2025-11-14 06:00,8.040646090224735
2025-11-14 07:00,5.3041583420508625
2025-11-14 08:00,6.075738502557273
2025-11-14 09:00,4.1655793833730215
2025-11-14 10:00,4.108815308629108
2025-11-14 11:00,4.7666282137012015
2025-11-14 12:00,6.703507538441337
2025-11-14 13:00,7.271841472133143
2025-11-14 14:00,6.923409318848711
2025-11-14 15:00,7.429385854605868
2025-11-14 16:00,7.5592538333302155
2025-11-14 17:00,9.61114971125673
2025-11-14 18:00,14.04040865505236
2025-11-14 19:00,18.859968043588154
2025-11-14 20:00,15.082981437410627
2025-11-14 21:00,14.475475369741062
2025-11-14 22:00,13.894919820663802
2025-11-14 23:00,10.285176178924733
2025-11-15 00:00,4.7144931017601674
2025-11-15 01:00,3.0474839203271697
2025-11-15 02:00,4.896338150077414
2025-11-15 03:00,5.394615790669983
2025-11-15 04:00,4.898888875735695
2025-11-15 05:00,5.193121453739279
2025-11-15 06:00,5.6736701395997455
2025-11-15 07:00,5.455497324914767
2025-11-15 08:00,4.737424825996003
2025-11-15 09:00,1.833760812593786
2025-11-15 10:00,1.0075092078948802
2025-11-15 11:00,0.615621140642807
2025-11-15 12:00,0.5289643223370127
2025-11-15 13:00,0.0
2025-11-15 14:00,1.1213182906344945
2025-11-15 15:00,1.8374644526256816
2025-11-15 16:00,2.063872756483085
2025-11-15 17:00,3.6040691612762763
2025-11-15 18:00,7.413723201510035
2025-11-15 19:00,9.062012661761212
2025-11-15 20:00,8.112952136474528
2025-11-15 21:00,3.843657071174169
2025-11-15 22:00,1.9877305700393024
2025-11-15 23:00,3.971636260879731
2025-11-16 00:00,3.4334801236138297
2025-11-16 01:00,2.2924980402475894
2025-11-16 02:00,2.8100230660004093
2025-11-16 03:00,2.9472836170834413
2025-11-16 04:00,3.2704675064095325
2025-11-16 05:00,2.284778730899106
2025-11-16 06:00,4.16245732024985
2025-11-16 07:00,2.509698726041246
2025-11-16 08:00,1.2719402566196765
2025-11-16 09:00,0.8062204089435687
2025-11-16 10:00,0.6474359145146883
2025-11-16 11:00,0.0
2025-11-16 12:00,1.2122537541611513
2025-11-16 13:00,0.0
2025-11-16 14:00,0.0
2025-11-16 15:00,0.0
2025-11-16 16:00,0.0
2025-11-16 17:00,3.089486985419449
2025-11-16 18:00,2.3976608629031047
2025-11-16 19:00,5.439118319763455
2025-11-16 20:00,13.208788669923713
2025-11-16 21:00,22.829628194194882
2025-11-16 22:00,22.94042937184043
2025-11-16 23:00,18.604044046252795
2025-11-17 00:00,12.41228413696233
2025-11-17 01:00,42.775862060470224
2025-11-17 02:00,45.740365981215994
2025-11-17 03:00,43.154858348753564
2025-11-17 04:00,39.04051022321645
2025-11-17 05:00,42.46472113724927
2025-11-17 06:00,42.09847502348079
2025-11-17 07:00,38.58414381586838
2025-11-17 08:00,34.70809349416375
2025-11-17 09:00,31.95785817783265
2025-11-17 10:00,31.917702881696492
2025-11-17 11:00,24.878293308177092
2025-11-17 12:00,29.250412369709633
2025-11-17 13:00,31.779404138589165
2025-11-17 14:00,34.50415608679721
2025-11-17 15:00,34.49010066822633
2025-11-17 16:00,34.427053233465855
2025-11-17 17:00,39.21773600500106
2025-11-17 18:00,39.590256375418846
2025-11-17 19:00,39.612049279624074
2025-11-17 20:00,44.51590858700347
2025-11-17 21:00,43.653013085577925
2025-11-17 22:00,45.75188221976146
2025-11-17 23:00,42.582174085894714
2025-11-18 00:00,46.42371118420095
2025-11-18 01:00,47.624376304849974
2025-11-18 02:00,49.40643751853083
2025-11-18 03:00,43.448765826637164
2025-11-18 04:00,41.77890117832299
2025-11-18 05:00,44.24103741888807
2025-11-18 06:00,46.233372453542856
2025-11-18 07:00,41.3705595941663
2025-11-18 08:00,30.086160154889136
2025-11-18 09:00,24.653459448823362
2025-11-18 10:00,23.228271614800192
2025-11-18 11:00,24.830776919416884
2025-11-18 12:00,29.850739781704835
2025-11-18 13:00,25.746878173668804
2025-11-18 14:00,27.23288507321498
2025-11-18 15:00,26.179837401642935
2025-11-18 16:00,14.763965304369556
2025-11-18 17:00,16.979362094031178
2025-11-18 18:00,27.941444224548967
2025-11-18 19:00,16.005370436013415
2025-11-18 20:00,27.606236591397526
2025-11-18 21:00,10.919062634160959
2025-11-18 22:00,28.28575199164639
2025-11-18 23:00,23.363309741498043
2025-11-19 00:00,8.242757325784275
2025-11-19 01:00,2.3819705335394343
2025-11-19 02:00,9.931256836566293
2025-11-19 03:00,10.820760674554375
2025-11-19 04:00,17.212991249142835
2025-11-19 05:00,15.230714841101033
2025-11-19 06:00,8.44827918750732
2025-11-19 07:00,7.0721650483234155
2025-11-19 08:00,5.978595025119134
2025-11-19 09:00,3.2333722628034685
2025-11-19 10:00,2.685167880280025
2025-11-19 11:00,3.3271476700162927
2025-11-19 12:00,2.754692402835956
2025-11-19 13:00,3.278683537688289
2025-11-19 14:00,5.533821840162214
2025-11-19 15:00,2.305991719034172
2025-11-19 16:00,6.061106272830801
2025-11-19 17:00,6.031624602656124
2025-11-19 18:00,6.123560603059333
2025-11-19 19:00,5.39947994296462
2025-11-19 20:00,2.421063219101442
2025-11-19 21:00,3.688549464564173
2025-11-19 22:00,6.276463641011125
2025-11-19 23:00,6.98242938392173
2025-11-20 00:00,4.68155015757542
2025-11-20 01:00,3.9317597579697945
2025-11-20 02:00,3.4026269393810185
2025-11-20 03:00,5.124065713614273
2025-11-20 04:00,4.145029518343336
2025-11-20 05:00,6.493154247928418
2025-11-20 06:00,5.694533989674677
2025-11-20 07:00,9.999617707617654
2025-11-20 08:00,6.283965450285259
2025-11-20 09:00,1.454408621042011
2025-11-20 10:00,4.272802902509086
2025-11-20 11:00,3.1829002902860957
2025-11-20 12:00,6.594931921207047
2025-11-20 13:00,3.1078114025442134
2025-11-20 14:00,3.226250984307457
2025-11-20 15:00,8.007175066375504
2025-11-20 16:00,5.402621607173688
2025-11-20 17:00,12.896785569020658
2025-11-20 18:00,20.04437398693235
2025-11-20 19:00,25.928471731547063
2025-11-20 20:00,25.829749116171214
2025-11-20 21:00,24.614223173447403
2025-11-20 22:00,25.19294933238883
2025-11-20 23:00,28.778379507761844
2025-11-21 00:00,35.291729404980764
2025-11-21 01:00,29.048939538936867
2025-11-21 02:00,26.648125537885274
2025-11-21 03:00,9.799157033631985
2025-11-21 04:00,6.775578593337412
2025-11-21 05:00,5.525696893094429
2025-11-21 06:00,4.267757755917065
2025-11-21 07:00,8.8186241037542
2025-11-21 08:00,5.182533823990377
2025-11-21 09:00,3.8899695214090713
2025-11-21 10:00,2.214092897929844
2025-11-21 11:00,1.0581732293262966
2025-11-21 12:00,0.21714682350957643
2025-11-21 13:00,0.0
2025-11-21 14:00,2.693598804908458
2025-11-21 15:00,1.824868459240611
2025-11-21 16:00,6.6524539006054315
2025-11-21 17:00,4.266261699310762
2025-11-21 18:00,5.851233781946829
2025-11-21 19:00,11.02396277714832
2025-11-21 20:00,6.762077347271766
2025-11-21 21:00,9.766220626271181
2025-11-21 22:00,8.12953847058635
2025-11-21 23:00,7.127626460693739
2025-11-22 00:00,10.374256976774314
2025-11-22 01:00,9.280768428386368
2025-11-22 02:00,14.528378053673643
2025-11-22 03:00,7.970025258986622
2025-11-22 04:00,8.33516554622255
2025-11-22 05:00,9.694609439742145
2025-11-22 06:00,7.648329863514064
2025-11-22 07:00,10.467493936022173
2025-11-22 08:00,6.163375038862982
2025-11-22 09:00,1.523172888216619
2025-11-22 10:00,0.544808586896939
2025-11-22 11:00,0.6002672840090301
2025-11-22 12:00,0.0
2025-11-22 13:00,0.0
2025-11-22 14:00,0.0
2025-11-22 15:00,0.0
2025-11-22 16:00,1.4362531831431589
2025-11-22 17:00,6.0396424462490055
2025-11-22 18:00,5.610075833979401
2025-11-22 19:00,2.813724548669789
2025-11-22 20:00,7.509990310427799
2025-11-22 21:00,10.049316748351366
2025-11-22 22:00,8.961853040580374
2025-11-22 23:00,14.46800660720761
2025-11-23 00:00,6.475793361927692
2025-11-23 01:00,4.998265772136919
2025-11-23 02:00,4.613099321690596
2025-11-23 03:00,11.832956016981486
2025-11-23 04:00,13.748443294683371
2025-11-23 05:00,13.365188587733309
2025-11-23 06:00,10.347789487277474
2025-11-23 07:00,18.26145208866789
2025-11-23 08:00,8.821264617011895
2025-11-23 09:00,3.3923197255386235
2025-11-23 10:00,9.919969896881177
2025-11-23 11:00,10.64460621244404
2025-11-23 12:00,6.915974751352511
2025-11-23 13:00,5.900541860554868
2025-11-23 14:00,2.6469772976818957
2025-11-23 15:00,3.802871791888312
2025-11-23 16:00,7.157705616500103
2025-11-23 17:00,8.435893645074401
2025-11-23 18:00,18.09042072326862
2025-11-23 19:00,24.748831180444803
2025-11-23 20:00,24.884333052355043
2025-11-23 21:00,25.927946352336754
2025-11-23 22:00,26.703108055011818
2025-11-23 23:00,24.140224183259196
2025-11-24 00:00,19.21725708930496
2025-11-24 01:00,18.149243177646625
2025-11-24 02:00,15.925577051023696
2025-11-24 03:00,17.961377099483162
2025-11-24 04:00,19.645145722779898
2025-11-24 05:00,22.51864460503525
2025-11-24 06:00,26.111168598244127
2025-11-24 07:00,19.356020987279692
2025-11-24 08:00,20.480825297563523
2025-11-24 09:00,14.306505652867548
2025-11-24 10:00,19.729879314988978
2025-11-24 11:00,17.859038051493084
2025-11-24 12:00,7.606820636535316
2025-11-24 13:00,8.654620982859939
2025-11-24 14:00,6.403523428407484
2025-11-24 15:00,7.548056755948271
2025-11-24 16:00,7.986140398385869
2025-11-24 17:00,5.965606523120664
2025-11-24 18:00,11.50070572348487
2025-11-24 19:00,13.725992994197838
2025-11-24 20:00,18.73103104794119
2025-11-24 21:00,22.28234107271868
2025-11-24 22:00,24.855737983636867
2025-11-24 23:00,28.194772775340947
2025-11-25 00:00,14.707767996909153
2025-11-25 01:00,13.442725087279136
2025-11-25 02:00,16.499388691176375
2025-11-25 03:00,15.580383782837616
2025-11-25 04:00,20.773072192886502
2025-11-25 05:00,26.46938180234252
2025-11-25 06:00,29.06150162867605
2025-11-25 07:00,21.444637029977738
2025-11-25 08:00,59.15089153044324
2025-11-25 09:00,39.96723876090567
2025-11-25 10:00,44.051155206872494
2025-11-25 11:00,39.919026075407274
2025-11-25 12:00,41.26109423514861
2025-11-25 13:00,50.367605606042545
2025-11-25 14:00,52.276926639268055
2025-11-25 15:00,49.37112134362562
2025-11-25 16:00,46.496830770013354
2025-11-25 17:00,43.70360522029876
2025-11-25 18:00,35.660627556390374
2025-11-25 19:00,48.15512429888464
2025-11-25 20:00,49.10660154822087
2025-11-25 21:00,40.13452685589685
2025-11-25 22:00,35.46909439417493
2025-11-25 23:00,32.2415138425885
2025-11-26 00:00,29.04031636444404
2025-11-26 01:00,20.034461610909727
2025-11-26 02:00,21.336918302664774
2025-11-26 03:00,12.023582706699308
2025-11-26 04:00,6.801352691636524
2025-11-26 05:00,8.610195263587926
2025-11-26 06:00,7.724511274142611
2025-11-26 07:00,5.834131482421246
2025-11-26 08:00,4.5348098062028255
2025-11-26 09:00,3.722201458591503
2025-11-26 10:00,2.7515364563718605
2025-11-26 11:00,1.208121660244644
2025-11-26 12:00,1.190796471625169
2025-11-26 13:00,1.33159858479508
2025-11-26 14:00,0.6836105864755342
2025-11-26 15:00,0.9647546340477853
2025-11-26 16:00,2.162766095798347
2025-11-26 17:00,7.049197321847702
2025-11-26 18:00,7.414811212170579
2025-11-26 19:00,5.639642506370225
2025-11-26 20:00,6.051054610060132
2025-11-26 21:00,4.067783495926931
2025-11-26 22:00,4.703584785198122
2025-11-26 23:00,6.0177476527588345
2025-11-27 00:00,16.371538397733406
2025-11-27 01:00,18.991623635062307
2025-11-27 02:00,19.15568541951143
2025-11-27 03:00,27.17134678157817
2025-11-27 04:00,30.13422279965185
2025-11-27 05:00,31.41830138246086
2025-11-27 06:00,37.958287341867695
2025-11-27 07:00,34.90320835194816
2025-11-27 08:00,49.922634268574406
2025-11-27 09:00,52.05119054535466
2025-11-27 10:00,46.67293094869872
2025-11-27 11:00,46.27080662144596
2025-11-27 12:00,48.09997168665883
2025-11-27 13:00,59.32327238195091
2025-11-27 14:00,47.17978169308525
2025-11-27 15:00,46.59732981859029
2025-11-27 16:00,33.33860845701579
2025-11-27 17:00,36.635876371509184
2025-11-27 18:00,36.070271807231734
2025-11-27 19:00,56.180166915773114
2025-11-27 20:00,59.065089894603865
2025-11-27 21:00,55.95980812055229
2025-11-27 22:00,53.62124599428173
2025-11-27 23:00,54.751285178214594
2025-11-28 00:00,47.79034342556938
2025-11-28 01:00,49.67260689755696
2025-11-28 02:00,43.4348776375572
2025-11-28 03:00,46.102713450306965
2025-11-28 04:00,39.40860735104954
2025-11-28 05:00,39.798876470088146
2025-11-28 06:00,33.394179319803364
2025-11-28 07:00,32.62055819928063
2025-11-28 08:00,27.809570637578037
2025-11-28 09:00,11.842155268210728
2025-11-28 10:00,10.571920207638275
2025-11-28 11:00,7.184226226961064
2025-11-28 12:00,5.8124948288170994
2025-11-28 13:00,6.982627056683236
2025-11-28 14:00,6.649545162657174
2025-11-28 15:00,8.176442707404842
2025-11-28 16:00,7.489844543801796
2025-11-28 17:00,5.329187927960339
2025-11-28 18:00,9.315664738784177
2025-11-28 19:00,7.56728192301107
2025-11-28 20:00,10.049766067876263
2025-11-28 21:00,10.63974197340585
2025-11-28 22:00,12.402163179129127
2025-11-28 23:00,10.984054621995398
2025-11-29 00:00,9.599594361356312
2025-11-29 01:00,8.288264976568994
2025-11-29 02:00,6.416338045572267
2025-11-29 03:00,5.962168215075742
2025-11-29 04:00,7.93712661164259
2025-11-29 05:00,6.073846555026579
2025-11-29 06:00,7.428051952024333
2025-11-29 07:00,7.895285326677159
2025-11-29 08:00,6.285171270069433
2025-11-29 09:00,6.767691162390599
2025-11-29 10:00,10.982743402991545
2025-11-29 11:00,19.746312227771945
2025-11-29 12:00,17.305171245313925
2025-11-29 13:00,18.832384915322354
2025-11-29 14:00,21.852622709717377
2025-11-29 15:00,22.215118932777383
2025-11-29 16:00,23.476359043195668
2025-11-29 17:00,24.871348999648998
2025-11-29 18:00,28.110473974839703
2025-11-29 19:00,29.247221974859304
2025-11-29 20:00,29.89800169045874
2025-11-29 21:00,27.332431211736083
2025-11-29 22:00,27.747017770917093
2025-11-29 23:00,28.74925558053192
2025-11-30 00:00,38.09420241217412
2025-11-30 01:00,38.086585153284645
2025-11-30 02:00,34.916462414534514
2025-11-30 03:00,33.05065108806648
2025-11-30 04:00,30.985231550869887
2025-11-30 05:00,28.105324128598756
2025-11-30 06:00,22.433783562335027
2025-11-30 07:00,23.39734823800244
2025-11-30 08:00,22.424573560259155
2025-11-30 09:00,16.071016009153144
2025-11-30 10:00,21.656146114367903
2025-11-30 11:00,19.35252275422757
2025-11-30 12:00,19.261065209217957
2025-11-30 13:00,11.65076567885238
2025-11-30 14:00,15.62800024122469
2025-11-30 15:00,15.761761398894835
2025-11-30 16:00,16.413612667041303
2025-11-30 17:00,18.164234795206543
2025-11-30 18:00,20.34935187620964
2025-11-30 19:00,27.554215285890518
2025-11-30 20:00,23.711861570262418
2025-11-30 21:00,23.13709740962452
2025-11-30 22:00,21.676329695017667
2025-11-30 23:00,20.464586418708876
2025-12-01 00:00,21.0823156936273
2025-12-01 01:00,33.36291865338602
2025-12-01 02:00,33.2419469732352
2025-12-01 03:00,27.333040634559946
2025-12-01 04:00,30.058874128521786
2025-12-01 05:00,29.694173682567797
2025-12-01 06:00,31.365581807978
2025-12-01 07:00,26.80634008418439
2025-12-01 08:00,14.556415332467848
2025-12-01 09:00,13.65457629721831
2025-12-01 10:00,10.260360865219258
2025-12-01 11:00,14.988543983498275
2025-12-01 12:00,17.069019567685327
2025-12-01 13:00,15.594755673087977
2025-12-01 14:00,12.064940650753119
2025-12-01 15:00,14.086407207870408
2025-12-01 16:00,14.725622206021551
2025-12-01 17:00,14.72154774219202
2025-12-01 18:00,19.689348325271393
2025-12-01 19:00,23.603653487201154
2025-12-01 20:00,23.67251275048051
2025-12-01 21:00,23.49537908921439
2025-12-01 22:00,24.79601231196029
2025-12-01 23:00,18.8165039723402
2025-12-02 00:00,31.144704149168156
2025-12-02 01:00,36.03458913074893
2025-12-02 02:00,36.36201503816008
2025-12-02 03:00,31.137766864809983
2025-12-02 04:00,34.554111923956256
2025-12-02 05:00,25.838550216379417
2025-12-02 06:00,31.392095767924797
2025-12-02 07:00,32.49735152964579
2025-12-02 08:00,33.33428385404639
2025-12-02 09:00,42.105768740173
2025-12-02 10:00,38.89888448304204
2025-12-02 11:00,29.67009267531738
2025-12-02 12:00,31.619526048574883
2025-12-02 13:00,27.089420675739834
2025-12-02 14:00,28.989490875612393
2025-12-02 15:00,29.364788337671254
2025-12-02 16:00,25.547850069303074
2025-12-02 17:00,26.359774124912203
2025-12-02 18:00,29.412786750638006
2025-12-02 19:00,33.91531411088419
2025-12-02 20:00,38.57919093735611
2025-12-02 21:00,35.0349773574895
2025-12-02 22:00,32.680058195126826
2025-12-02 23:00,25.312454784040856
2025-12-03 00:00,40.85851658890073
2025-12-03 01:00,57.200826522434426
2025-12-03 02:00,57.56663750221062
2025-12-03 03:00,58.39152472463031
2025-12-03 04:00,59.36477146022949
2025-12-03 05:00,56.17319424289199
2025-12-03 06:00,51.84470279591466
2025-12-03 07:00,40.42493552740292
2025-12-03 08:00,21.992811583285466
2025-12-03 09:00,10.197332389177477
2025-12-03 10:00,28.151864919576603
2025-12-03 11:00,28.902293154839285
2025-12-03 12:00,41.68150333422118
2025-12-03 13:00,46.79275637452697
2025-12-03 14:00,46.60644864890326
2025-12-03 15:00,56.26627801237564
2025-12-03 16:00,56.11314797074636
2025-12-03 17:00,56.27923043527685
2025-12-03 18:00,48.05038027560642
2025-12-03 19:00,48.51900584703135
2025-12-03 20:00,49.21046993384843
2025-12-03 21:00,43.70096692236279
2025-12-03 22:00,45.9608127135933
2025-12-03 23:00,38.60884115045276
2025-12-04 00:00,35.109055821890166
2025-12-04 01:00,33.147525161970904
2025-12-04 02:00,30.31429797453711
2025-12-04 03:00,27.549942181072247
2025-12-04 04:00,26.834369303250362
2025-12-04 05:00,17.68177504669053
2025-12-04 06:00,12.610413306115243
2025-12-04 07:00,8.07887589110189
2025-12-04 08:00,10.67797317239957
2025-12-04 09:00,11.446143665306883
2025-12-04 10:00,10.501743469791363
2025-12-04 11:00,7.149490204847269
2025-12-04 12:00,5.9920920048050474
2025-12-04 13:00,1.024530055210241
2025-12-04 14:00,0.10463579939545994
2025-12-04 15:00,2.874392563833966
2025-12-04 16:00,7.329963296012752
2025-12-04 17:00,10.632462469034925
2025-12-04 18:00,21.54254002385573
2025-12-04 19:00,31.41065450781405
2025-12-04 20:00,60.92289921776438
2025-12-04 21:00,54.262259711297816
2025-12-04 22:00,58.12287627998674
2025-12-04 23:00,62.00654735460299
2025-12-05 00:00,60.250252436211625
2025-12-05 01:00,54.319962258314405
2025-12-05 02:00,58.072705717805185
2025-12-05 03:00,43.73888781826169
2025-12-05 04:00,48.30512535149206
2025-12-05 05:00,40.90046331571513
2025-12-05 06:00,36.726326891660904
2025-12-05 07:00,30.717088714915928
2025-12-05 08:00,24.540922072540468
2025-12-05 09:00,18.91777056863531
2025-12-05 10:00,17.18611425490479
2025-12-05 11:00,13.020616288375482
2025-12-05 12:00,8.449820200432313
2025-12-05 13:00,8.323427937238169
2025-12-05 14:00,10.217630390922356
2025-12-05 15:00,12.663798826053462
2025-12-05 16:00,12.517587645513359
2025-12-05 17:00,10.686081183917995
2025-12-05 18:00,15.122193984772071
2025-12-05 19:00,11.59836255083114
2025-12-05 20:00,10.93807883310773
2025-12-05 21:00,8.59424075979805
2025-12-05 22:00,7.541222536925992
2025-12-05 23:00,8.193653651822526
2025-12-06 00:00,8.39604215862435
2025-12-06 01:00,7.798787412568376
2025-12-06 02:00,7.707300024731786
2025-12-06 03:00,3.320609239302817
2025-12-06 04:00,3.476837503459273
2025-12-06 05:00,3.3239880279335328
2025-12-06 06:00,3.6449871985045212
2025-12-06 07:00,3.9370002499106644
2025-12-06 08:00,3.7815906276339404
2025-12-06 09:00,2.8304356895254004
2025-12-06 10:00,7.804582361061945
2025-12-06 11:00,3.1089833621179226
2025-12-06 12:00,10.329936557048178
2025-12-06 13:00,21.57172503384142
2025-12-06 14:00,19.365133254569333
2025-12-06 15:00,20.130821096784633
2025-12-06 16:00,12.213937098429424
2025-12-06 17:00,14.450352270456191
2025-12-06 18:00,26.218781726300303
2025-12-06 19:00,32.46900815417406
2025-12-06 20:00,30.13757244484503
2025-12-06 21:00,29.49494499466343
2025-12-06 22:00,29.753085654662925
2025-12-06 23:00,30.01104703450979
2025-12-07 00:00,31.17296909777936
2025-12-07 01:00,30.383858152104064
2025-12-07 02:00,25.53853615338739
2025-12-07 03:00,20.46907265254854
2025-12-07 04:00,19.42139832525385
2025-12-07 05:00,25.24538134771405
2025-12-07 06:00,22.296019697688298
2025-12-07 07:00,16.20840826922627
2025-12-07 08:00,21.675205135309707
2025-12-07 09:00,18.343102731414778
2025-12-07 10:00,15.69938005631008
2025-12-07 11:00,19.59117535261988
2025-12-07 12:00,22.96564281333966
2025-12-07 13:00,30.494695096010414
2025-12-07 14:00,13.68648996947129
2025-12-07 15:00,14.47145575072754
2025-12-07 16:00,19.340260373528007
2025-12-07 17:00,22.916474704502722
2025-12-07 18:00,24.535043413584855
2025-12-07 19:00,25.442726230246375
2025-12-07 20:00,34.718755693642734
2025-12-07 21:00,32.065972481937166
2025-12-07 22:00,31.326547165520676
2025-12-07 23:00,48.99922144789181
2025-12-08 00:00,44.21014695132953
2025-12-08 01:00,45.54779548734557
2025-12-08 02:00,46.82342342171314
2025-12-08 03:00,43.42686298445717
2025-12-08 04:00,45.90614893909132
2025-12-08 05:00,42.944745484166134
2025-12-08 06:00,39.98902012527651
2025-12-08 07:00,42.34627157914374
2025-12-08 08:00,38.165586161544475
2025-12-08 09:00,22.336235103560412
2025-12-08 10:00,24.29129170465612
2025-12-08 11:00,24.563699469201733
2025-12-08 12:00,23.72653729306363
2025-12-08 13:00,23.28452329131038
2025-12-08 14:00,21.867935735651642
2025-12-08 15:00,20.991975952797546
2025-12-08 16:00,16.590923181458777
2025-12-08 17:00,16.099135792767033
2025-12-08 18:00,20.677050392470534
2025-12-08 19:00,27.18886307172565
2025-12-08 20:00,24.305669792413333
2025-12-08 21:00,19.891411815951905
2025-12-08 22:00,12.957618205567663
2025-12-08 23:00,7.142953676184964
2025-12-09 00:00,15.638836309167083
2025-12-09 01:00,13.073078987934244
2025-12-09 02:00,11.636720204868869
2025-12-09 03:00,16.016951523409343
2025-12-09 04:00,11.92866492177235
2025-12-09 05:00,8.398591522237
2025-12-09 06:00,10.704062228687933
2025-12-09 07:00,10.415482359306852
2025-12-09 08:00,11.623963910789703
2025-12-09 09:00,6.5474405646021845
2025-12-09 10:00,2.5511741040711633
2025-12-09 11:00,0.51586559091681
2025-12-09 12:00,0.3068031737403367
2025-12-09 13:00,0.0
2025-12-09 14:00,0.26502609484821604
2025-12-09 15:00,2.5959069543636226
2025-12-09 16:00,2.255703419084479
2025-12-09 17:00,3.382444518561408
2025-12-09 18:00,0.960303303947313
2025-12-09 19:00,1.753214916389827
2025-12-09 20:00,2.9502153002182485
2025-12-09 21:00,3.4384752905243126
2025-12-09 22:00,2.6778052930702776
2025-12-09 23:00,5.7141942146637446
2025-12-10 00:00,8.360283792987065
2025-12-10 01:00,7.773978520007923
2025-12-10 02:00,7.066013882449482
2025-12-10 03:00,7.854266723584416
2025-12-10 04:00,4.147777107934232
2025-12-10 05:00,3.8697879220873377
2025-12-10 06:00,3.2630533026603294
2025-12-10 07:00,4.288992853409619
2025-12-10 08:00,6.16979324938294
2025-12-10 09:00,2.1148798416353034
2025-12-10 10:00,2.3373427064521497
2025-12-10 11:00,0.7296984793613038
2025-12-10 12:00,0.0
2025-12-10 13:00,0.0
2025-12-10 14:00,0.6236270612799514
2025-12-10 15:00,0.07464920075252057
2025-12-10 16:00,0.761063789889916
2025-12-10 17:00,3.4959910186023073
2025-12-10 18:00,3.5684869710754956
2025-12-10 19:00,0.6357542560549503
2025-12-10 20:00,1.4802814428170457
2025-12-10 21:00,1.2592817701759684
2025-12-10 22:00,0.0
2025-12-10 23:00,0.03253915367802099
2025-12-11 00:00,10.327373063808189
2025-12-11 01:00,13.229395548619308
2025-12-11 02:00,12.455938020902831
2025-12-11 03:00,35.62765336423804
2025-12-11 04:00,20.779329579260803
2025-12-11 05:00,15.302223653846406
2025-12-11 06:00,11.322973550277748
2025-12-11 07:00,13.54488501310549
2025-12-11 08:00,12.670406266611206
2025-12-11 09:00,8.137633438322856
2025-12-11 10:00,22.45649298743661
2025-12-11 11:00,33.472802375880434
2025-12-11 12:00,26.107863086611385
2025-12-11 13:00,43.74133697207855
2025-12-11 14:00,47.89493630803461
2025-12-11 15:00,45.9097066432102
2025-12-11 16:00,46.54595522992949
2025-12-11 17:00,49.08336068221313
2025-12-11 18:00,45.53167444823284
2025-12-11 19:00,50.22461962570522
2025-12-11 20:00,54.16271494554608
2025-12-11 21:00,56.64491361435031
2025-12-11 22:00,54.410499201444054
2025-12-11 23:00,46.12861779931774
2025-12-12 00:00,42.25653052629016
2025-12-12 01:00,39.930884333509965
2025-12-12 02:00,38.82561411460154
2025-12-12 03:00,38.02190918945242
2025-12-12 04:00,26.360888499918715
2025-12-12 05:00,21.141080068531227
2025-12-12 06:00,23.916107843681488
2025-12-12 07:00,21.466931619065388
2025-12-12 08:00,12.241068871044062
2025-12-12 09:00,9.003141712752793
2025-12-12 10:00,9.249316237577736
2025-12-12 11:00,3.499837490407178
2025-12-12 12:00,2.872799764779141
2025-12-12 13:00,2.262459748276658
2025-12-12 14:00,0.030020190441034125
2025-12-12 15:00,0.0
2025-12-12 16:00,0.7168693621198398
2025-12-12 17:00,2.9287944453240238
2025-12-12 18:00,2.2954222769406254
2025-12-12 19:00,2.4367489474409534
2025-12-12 20:00,4.9142732952844295
2025-12-12 21:00,4.65032340528301
2025-12-12 22:00,4.842237538734711
2025-12-12 23:00,5.903913512747276
2025-12-13 00:00,8.359291950555725
2025-12-13 01:00,2.5547099001520146
2025-12-13 02:00,6.186576606357693
2025-12-13 03:00,7.297259016294385
2025-12-13 04:00,7.628018947429306
2025-12-13 05:00,6.709757574197074
2025-12-13 06:00,7.03599971333152
2025-12-13 07:00,12.56759374135256
2025-12-13 08:00,6.613606787708999
2025-12-13 09:00,4.194446674988203
2025-12-13 10:00,4.4802228904695784
2025-12-13 11:00,2.840084598961237
2025-12-13 12:00,5.739331810326168
2025-12-13 13:00,6.330287649258207
2025-12-13 14:00,6.191416623976806
2025-12-13 15:00,8.528230002088515
2025-12-13 16:00,7.991073369454959
2025-12-13 17:00,12.278930281742179
2025-12-13 18:00,15.929979733275044
2025-12-13 19:00,28.748964605971945
2025-12-13 20:00,28.82639517754012
2025-12-13 21:00,28.03192167868718
2025-12-13 22:00,20.489779925778738
2025-12-13 23:00,15.091143404143295
2025-12-14 00:00,11.435803838849475
2025-12-14 01:00,14.073850661702453
2025-12-14 02:00,11.371676891126532
2025-12-14 03:00,29.62557040700793
2025-12-14 04:00,43.36559709680632
2025-12-14 05:00,39.144898963565666
2025-12-14 06:00,22.635838884368894
2025-12-14 07:00,25.054010476167864
2025-12-14 08:00,16.30542841563731
2025-12-14 09:00,51.28071019752342
2025-12-14 10:00,39.98095704731266
2025-12-14 11:00,25.604811682811203
2025-12-14 12:00,45.36658118971351
2025-12-14 13:00,51.77039360025975
2025-12-14 14:00,47.657038388854964
2025-12-14 15:00,34.730923065487154
2025-12-14 16:00,42.88517910082712
2025-12-14 17:00,22.811029894292545
2025-12-14 18:00,29.41249259382744
2025-12-14 19:00,40.99497267780858
2025-12-14 20:00,35.911878774461066
2025-12-14 21:00,25.738143041891327
2025-12-14 22:00,20.94501231754753
2025-12-14 23:00,27.516638326139827
2025-12-15 00:00,7.9870721745418845
2025-12-15 01:00,3.3155596035673907
2025-12-15 02:00,4.735725060946166
2025-12-15 03:00,5.675808430365096
2025-12-15 04:00,3.223051123685805
2025-12-15 05:00,5.1395542541157635
2025-12-15 06:00,4.105286398180992
2025-12-15 07:00,4.361973727740215
2025-12-15 08:00,5.191850473816304
2025-12-15 09:00,4.630247245600838
2025-12-15 10:00,0.9547864411470577
2025-12-15 11:00,0.008742127428475268
2025-12-15 12:00,1.4204183892849183
2025-12-15 13:00,0.4337164095856542
2025-12-15 14:00,0.9099609111089235
2025-12-15 15:00,1.6273922042509823
2025-12-15 16:00,2.2779440670174114
2025-12-15 17:00,0.7052381375274935
2025-12-15 18:00,2.268670023939662
2025-12-15 19:00,5.383255342586131
2025-12-15 20:00,7.145767615750413
2025-12-15 21:00,7.412313549192827
2025-12-15 22:00,19.865164919998147
2025-12-15 23:00,26.289015929752207
2025-12-16 00:00,6.369742535521331
2025-12-16 01:00,8.504312364291142
2025-12-16 02:00,10.508707299699692
2025-12-16 03:00,10.11075275329951
2025-12-16 04:00,11.474410073084929
2025-12-16 05:00,14.05878160661059
2025-12-16 06:00,8.694304265701804
2025-12-16 07:00,9.340760370209718
2025-12-16 08:00,5.7996674670149675
2025-12-16 09:00,6.139473322161671
2025-12-16 10:00,5.925063264455204
2025-12-16 11:00,3.909855316722648
2025-12-16 12:00,9.029490225823938
2025-12-16 13:00,12.787921003124998
2025-12-16 14:00,9.068224220340591
2025-12-16 15:00,7.434553951578251
2025-12-16 16:00,6.051877220478325
2025-12-16 17:00,6.183245795481153
2025-12-16 18:00,7.052799936659912
2025-12-16 19:00,8.27784619682629
2025-12-16 20:00,15.09859000290788
2025-12-16 21:00,16.822396521907745
2025-12-16 22:00,8.73336147533321
2025-12-16 23:00,7.252435627619521
2025-12-17 00:00,1.1867054024631596
2025-12-17 01:00,2.1153612723225206
2025-12-17 02:00,2.247363605989171
2025-12-17 03:00,0.9118652379077641
2025-12-17 04:00,6.125872744309226
2025-12-17 05:00,5.758722400197211
2025-12-17 06:00,5.268516730334804
2025-12-17 07:00,8.180619258404628
2025-12-17 08:00,3.215046448656665
2025-12-17 09:00,15.738335572808978
2025-12-17 10:00,18.191927303412722
2025-12-17 11:00,25.055248361440214
2025-12-17 12:00,33.58223854880491
2025-12-17 13:00,29.181339339225932
2025-12-17 14:00,30.087409451901173
2025-12-17 15:00,25.3052552842142
2025-12-17 16:00,26.775573831313285
2025-12-17 17:00,15.794833643889483
2025-12-17 18:00,23.046512610249184
2025-12-17 19:00,24.318782196189677
2025-12-17 20:00,17.839146961158082
2025-12-17 21:00,19.381409262163125
2025-12-17 22:00,15.35995846322132
2025-12-17 23:00,14.657790321729443
2025-12-18 00:00,12.636090387285234
2025-12-18 01:00,7.6935055878712735
2025-12-18 02:00,6.501296312952338
2025-12-18 03:00,12.375681684718407
2025-12-18 04:00,8.609598457281756
2025-12-18 05:00,11.10869463482184
2025-12-18 06:00,11.971884111788992
2025-12-18 07:00,11.237701418452613
2025-12-18 08:00,10.393511473049765
2025-12-18 09:00,7.213432689195792
2025-12-18 10:00,5.556860079859708
2025-12-18 11:00,3.89500907488764
2025-12-18 12:00,2.9445193121118045
2025-12-18 13:00,2.5749504432006742
2025-12-18 14:00,1.531029322363724
2025-12-18 15:00,0.9781383895182773
2025-12-18 16:00,1.3670995054348147
2025-12-18 17:00,3.2116951826188607
2025-12-18 18:00,12.389808724564347
2025-12-18 19:00,7.881783685795864
2025-12-18 20:00,3.6514401927296327
2025-12-18 21:00,3.1144527396692836
2025-12-18 22:00,3.5235671254201355
2025-12-18 23:00,4.670807478710757
2025-12-19 00:00,9.058212677558762
2025-12-19 01:00,11.847825661234063
2025-12-19 02:00,3.706081016686404
2025-12-19 03:00,5.087957436292872
2025-12-19 04:00,3.766636886836492
2025-12-19 05:00,4.488247413005256
2025-12-19 06:00,4.475559132182609
2025-12-19 07:00,5.487058324752159
2025-12-19 08:00,5.588668751873682
2025-12-19 09:00,2.9205680538510954
2025-12-19 10:00,1.0063685669529554
2025-12-19 11:00,1.07084275464985
2025-12-19 12:00,1.455022168739261
2025-12-19 13:00,7.543578820354237
2025-12-19 14:00,4.098002973635113
2025-12-19 15:00,7.303184017179344
2025-12-19 16:00,1.9532616986267337
2025-12-19 17:00,4.01534442731565
2025-12-19 18:00,9.631500656329806
2025-12-19 19:00,12.032680406874045
2025-12-19 20:00,8.753695077712631
2025-12-19 21:00,2.7706121492399425
2025-12-19 22:00,10.378421861899694
2025-12-19 23:00,12.253761729248673
2025-12-20 00:00,14.303501991920443
2025-12-20 01:00,4.997899468188912
2025-12-20 02:00,3.775905233895937
2025-12-20 03:00,13.944915451918584
2025-12-20 04:00,19.930446095846765
2025-12-20 05:00,28.313534942623146
2025-12-20 06:00,27.73633244674861
2025-12-20 07:00,29.727018620337585
2025-12-20 08:00,28.74583973278308
2025-12-20 09:00,18.57139879714702
2025-12-20 10:00,20.005180672884702
2025-12-20 11:00,28.123573738292944
2025-12-20 12:00,17.120983256067426
2025-12-20 13:00,16.107877021571298
2025-12-20 14:00,13.24795147996502
2025-12-20 15:00,14.043208411455673
2025-12-20 16:00,15.029850215052818
2025-12-20 17:00,16.418951366820625
2025-12-20 18:00,28.135259146192755
2025-12-20 19:00,41.137534163062824
2025-12-20 20:00,37.05014886686971
2025-12-20 21:00,34.755597351153895
2025-12-20 22:00,34.77095040993799
2025-12-20 23:00,35.49233227989331
2025-12-21 00:00,38.70878447081636
2025-12-21 01:00,42.66890154098529
2025-12-21 02:00,35.94472709094728
2025-12-21 03:00,47.88090865572958
2025-12-21 04:00,55.952357596647744
2025-12-21 05:00,56.43970341790642
2025-12-21 06:00,52.50322471671623
2025-12-21 07:00,50.79188224317009
2025-12-21 08:00,48.37940251236432
2025-12-21 09:00,37.46170602675472
2025-12-21 10:00,28.86451457453815
2025-12-21 11:00,26.053383462972672
2025-12-21 12:00,34.0966969681294
2025-12-21 13:00,35.379730225541735
2025-12-21 14:00,32.459533686060084
2025-12-21 15:00,28.380449436089265
2025-12-21 16:00,25.260798104939635
2025-12-21 17:00,19.278868448637805
2025-12-21 18:00,27.092330275231923
2025-12-21 19:00,30.94822143505416
2025-12-21 20:00,31.125587574552714
2025-12-21 21:00,33.472877622573364
2025-12-21 22:00,31.16661226134756
2025-12-21 23:00,29.945155836481636
2025-12-22 00:00,32.1764387385385
2025-12-22 01:00,31.530696159109496
2025-12-22 02:00,34.393930154937415
2025-12-22 03:00,34.035230248729526
2025-12-22 04:00,33.99326415655753
2025-12-22 05:00,32.32453762848619
2025-12-22 06:00,32.61787849040157
2025-12-22 07:00,27.578323506927546
2025-12-22 08:00,24.220403757527666
2025-12-22 09:00,20.36583748419211
2025-12-22 10:00,8.564317482159716
2025-12-22 11:00,4.543121725695135
2025-12-22 12:00,4.181183370786741
2025-12-22 13:00,2.5961655350773674
2025-12-22 14:00,4.4606114695677945
2025-12-22 15:00,4.666765515619606
2025-12-22 16:00,3.340500587869006
2025-12-22 17:00,3.352342496466632
2025-12-22 18:00,7.820863663944754
2025-12-22 19:00,11.10052201993828
2025-12-22 20:00,10.157159767306643
2025-12-22 21:00,7.007582920359647
2025-12-22 22:00,3.954990479730216
2025-12-22 23:00,5.373214954900759
2025-12-23 00:00,11.508377312482589
2025-12-23 01:00,11.888438968652013
2025-12-23 02:00,6.471979560190348
2025-12-23 03:00,3.7060607625383915
2025-12-23 04:00,6.469384794552496
2025-12-23 05:00,9.915539626262579
2025-12-23 06:00,8.810034635830045
2025-12-23 07:00,8.551169916079637
2025-12-23 08:00,10.012966697223451
2025-12-23 09:00,2.8370391208644796
2025-12-23 10:00,0.8454119949113205
2025-12-23 11:00,0.7622100805874469
2025-12-23 12:00,6.949406885874136
2025-12-23 13:00,5.019643996099253
2025-12-23 14:00,5.64544025215751
2025-12-23 15:00,6.796439876644778
2025-12-23 16:00,4.703915434065962
2025-12-23 17:00,9.879532095997641
2025-12-23 18:00,6.097523020179156
2025-12-23 19:00,5.493215418471273
2025-12-23 20:00,7.218251049537576
2025-12-23 21:00,4.562242796013734
2025-12-23 22:00,2.710820995711957
2025-12-23 23:00,3.8966242014855528
2025-12-24 00:00,8.50234166367503
2025-12-24 01:00,10.86925198553006
2025-12-24 02:00,12.856973975641413
2025-12-24 03:00,16.156180591426587
2025-12-24 04:00,19.465802203074727
2025-12-24 05:00,29.57488438110208
2025-12-24 06:00,30.790905540928133
2025-12-24 07:00,33.83183397401631
2025-12-24 08:00,31.893566677295045
2025-12-24 09:00,28.94287542649412
2025-12-24 10:00,25.748504273796335
2025-12-24 11:00,26.370033614573543
2025-12-24 12:00,25.750314541533754
2025-12-24 13:00,26.503173891406323
2025-12-24 14:00,26.204575111890108
2025-12-24 15:00,32.56851861378429
2025-12-24 16:00,33.46310973039594
2025-12-24 17:00,32.828059694787044
2025-12-24 18:00,34.294261837336755
2025-12-24 19:00,38.57380324385157
2025-12-24 20:00,32.96926631576327
2025-12-24 21:00,33.10620456877192
2025-12-24 22:00,29.84602971279189
2025-12-24 23:00,28.764813777331597
2025-12-25 00:00,39.0831349020998
2025-12-25 01:00,37.777580452227
2025-12-25 02:00,38.694515692286316
2025-12-25 03:00,38.1478862404222
2025-12-25 04:00,37.06257284493545
2025-12-25 05:00,38.43105285581685
2025-12-25 06:00,38.37756043932938
2025-12-25 07:00,41.18074626534188
2025-12-25 08:00,39.690903678694646
2025-12-25 09:00,35.83202995765171
2025-12-25 10:00,43.06676249498357
2025-12-25 11:00,42.82440859506524
2025-12-25 12:00,59.29460054671905
2025-12-25 13:00,59.56072549498477
2025-12-25 14:00,60.57835957410166
2025-12-25 15:00,61.21685354232969
2025-12-25 16:00,61.96254438578622
2025-12-25 17:00,62.64318587062329
2025-12-25 18:00,65.19241832034389
2025-12-25 19:00,63.643376946462055
2025-12-25 20:00,62.005615875178556
2025-12-25 21:00,61.30602843942182
2025-12-25 22:00,58.61891746902688
2025-12-25 23:00,59.97820101534425
2025-12-26 00:00,63.74348092842515
2025-12-26 01:00,64.83753778920646
2025-12-26 02:00,66.97508208101996
2025-12-26 03:00,59.164698203930236
2025-12-26 04:00,60.5484651088249
2025-12-26 05:00,59.20185735980282
2025-12-26 06:00,58.8425391518213
2025-12-26 07:00,53.21117587524145
2025-12-26 08:00,51.21028775626013
2025-12-26 09:00,52.005335440923574
2025-12-26 10:00,44.73821796992165
2025-12-26 11:00,40.992591226570376
2025-12-26 12:00,45.185417489416245
2025-12-26 13:00,46.88626399509926
2025-12-26 14:00,41.31755146360292
2025-12-26 15:00,37.33379537110031
2025-12-26 16:00,30.637464977211103
2025-12-26 17:00,28.615943793310688
2025-12-26 18:00,26.78204356723888
2025-12-26 19:00,30.357901355348222
2025-12-26 20:00,30.239700919005756
2025-12-26 21:00,21.668054626703416
2025-12-26 22:00,13.585653537397974
2025-12-26 23:00,11.135991969543404
2025-12-27 00:00,16.772332466679746
2025-12-27 01:00,16.434478005436162
2025-12-27 02:00,16.036876450632736
2025-12-27 03:00,12.378004171895306
2025-12-27 04:00,10.98390605384532
2025-12-27 05:00,8.391677836170313
2025-12-27 06:00,9.450750155841186
2025-12-27 07:00,10.620733865015833
2025-12-27 08:00,10.54093320273564
2025-12-27 09:00,4.674638434336849
2025-12-27 10:00,2.3604214732025546
2025-12-27 11:00,2.6244918542894373
2025-12-27 12:00,2.5173778611722404
2025-12-27 13:00,1.6038914114380964
2025-12-27 14:00,2.3359504326121234
2025-12-27 15:00,3.2098080784512657
2025-12-27 16:00,1.9947910943677885
2025-12-27 17:00,5.616443481270392
2025-12-27 18:00,11.05347506615893
2025-12-27 19:00,7.072451026288034
2025-12-27 20:00,2.1889356181925193
2025-12-27 21:00,3.537713501635711
2025-12-27 22:00,11.565322827998099
2025-12-27 23:00,8.889199946187013
2025-12-28 00:00,6.4193792185258545
2025-12-28 01:00,8.236263077658768
2025-12-28 02:00,8.627827714960524
2025-12-28 03:00,3.4976358720514447
2025-12-28 04:00,12.981711992654864
2025-12-28 05:00,13.24866444865492
2025-12-28 06:00,5.433349747347192
2025-12-28 07:00,2.938057781645416
2025-12-28 08:00,2.6158251431263597
2025-12-28 09:00,3.2257026849471435
2025-12-28 10:00,2.8111177329108785
2025-12-28 11:00,3.3448309725173084
2025-12-28 12:00,9.256744047004478
2025-12-28 13:00,8.628172629166444
2025-12-28 14:00,7.634782986806252
2025-12-28 15:00,8.463070128559947
2025-12-28 16:00,10.618535012569364
2025-12-28 17:00,15.311022097480011
2025-12-28 18:00,22.10432628586567
2025-12-28 19:00,23.876950957411818
2025-12-28 20:00,25.58736393392104
2025-12-28 21:00,26.583055811498426
2025-12-28 22:00,28.236805533554943
2025-12-28 23:00,28.05783437625459
2025-12-29 00:00,15.587487749609837
2025-12-29 01:00,8.602513174995494
2025-12-29 02:00,24.883608573357044
2025-12-29 03:00,23.40669609307414
2025-12-29 04:00,29.891495377491637
2025-12-29 05:00,32.447663812451125
2025-12-29 06:00,33.9036766655549
2025-12-29 07:00,30.209202161443855
2025-12-29 08:00,26.69756154956568
2025-12-29 09:00,20.51545863976931
2025-12-29 10:00,22.788277026921495
2025-12-29 11:00,17.260508428003586
2025-12-29 12:00,25.290556032680843
2025-12-29 13:00,11.174152783639387
2025-12-29 14:00,8.855089185236537
2025-12-29 15:00,7.502223919396553
2025-12-29 16:00,8.231912275788023
2025-12-29 17:00,18.723077378437093
2025-12-29 18:00,22.94096998392967
2025-12-29 19:00,25.689059000606544
2025-12-29 20:00,26.65335918501342
2025-12-29 21:00,27.319637093548298
2025-12-29 22:00,26.449385775542872
2025-12-29 23:00,28.63843449049806
2025-12-30 00:00,34.48734035358662
2025-12-30 01:00,33.14663657338577
2025-12-30 02:00,29.835662915603297
2025-12-30 03:00,36.67280089110689
2025-12-30 04:00,37.913741003412184
2025-12-30 05:00,36.609819399430194
2025-12-30 06:00,35.651946680056454
2025-12-30 07:00,42.24752316206854
2025-12-30 08:00,33.69686827321761
2025-12-30 09:00,25.525144929041904
2025-12-30 10:00,22.635764566015425
2025-12-30 11:00,17.303806221326603
2025-12-30 12:00,15.475241830541439
2025-12-30 13:00,19.829838708390987
2025-12-30 14:00,20.433100952968722
2025-12-30 15:00,21.355701745664383
2025-12-30 16:00,19.9178754459338
2025-12-30 17:00,19.428087521703414
2025-12-30 18:00,23.33923324900881
2025-12-30 19:00,30.23795148397074
2025-12-30 20:00,30.14058985802303
2025-12-30 21:00,14.26873138580841
2025-12-30 22:00,9.563685277574619
2025-12-30 23:00,5.451605904404724
2025-12-31 00:00,12.816472686678434
2025-12-31 01:00,18.280842035041285
2025-12-31 02:00,22.282331277656592
2025-12-31 03:00,36.90321410221424
2025-12-31 04:00,43.4046328877192
2025-12-31 05:00,39.75473394825256
2025-12-31 06:00,41.65535076590842
2025-12-31 07:00,50.877408019771124
2025-12-31 08:00,45.565465463922045
2025-12-31 09:00,53.62164478272781
2025-12-31 10:00,43.24435355493194
2025-12-31 11:00,33.77999812502958
2025-12-31 12:00,34.62187557919605
2025-12-31 13:00,32.70174932689106
2025-12-31 14:00,32.0928821751535
2025-12-31 15:00,39.85514511195756
2025-12-31 16:00,32.26735778076406
2025-12-31 17:00,34.01545180982745
2025-12-31 18:00,31.01141448229412
2025-12-31 19:00,38.89153756031808
2025-12-31 20:00,37.591678916721165
2025-12-31 21:00,37.8159616902865
2025-12-31 22:00,37.30216334173278
2025-12-31 23:00,38.122730776186174
